URL,Title,Description,Keywords,Title Exists (True/False),Description Exists (True/False),Keywords Exists (True/False)
http://10.4.95.44/obrazovanie/tut-est-formy/3_uroven_form,3 уровень форм,3 уровень,,True,True,False
http://10.4.95.44/kak_pomoch_rebenku/onlainkonsultatsiya_detskogo_vracha,Онлайн консультация детство,Онлайн консультация детство,,True,True,False
http://10.4.95.44/kak_pomoch_rebenku/onlainkonsultatsiya_akusheraginekologa,Онлайн-консультация с врачом мама,Онлайн-консультация с врачом мама,,True,True,False
http://10.4.95.44/kak_pomoch_rebenku/epilepsiya,Эпилепсия,Описание эпилепсии на тесте,,True,True,False
http://10.4.95.44/planirovanie_beremennosti/poleznie_soveti_vrachei/izmeneniya_v_organizme_beremennoi_zhenschini_chto_yavlyaetsy,"Изменения в организме беременной женщины: что является нормой, а что патологией","Изменения в организме беременной женщины: что является нормой, а что патологией",,True,True,False
http://10.4.95.44/planirovanie_beremennosti/poleznie_soveti_vrachei/chto_nuzhno_znat_buduschei_mame_o_pervom_skrininge,Что нужно знать будущей маме о первом скрининге?,Что нужно знать будущей маме о первом скрининге?,,True,True,False
http://10.4.95.44/breastcansersupport,Комплексная поддержка при раке груди,Комплексная поддержка при раке груди,,True,True,False
http://10.4.95.44/profile/zapis_na_priem_k_vrachu_,,,,False,False,False
http://10.4.95.44/profile/vizov_vracha_na_dom,,,,False,False,False
http://10.4.95.44/profile/upravlenie_zapisyami_napriem_ivizovami_nadom,,,,False,False,False
http://10.4.95.44/profile/rezultati_issledovanii,,,,False,False,False
http://10.4.95.44/profile/svedeniya_ovipisannih_retseptah,,,,False,False,False
http://10.4.95.44/profile,,,,False,False,False
http://10.4.95.44/v-pomoshch-budushchemu-vrachu/spisok-shkol-s-medicinskimi-i-himiko-biologicheskimi-klassami,Школы с медицинскими и химико-биологическими классами,"Раздел с списком школ Московской области, с медицинскими и химико-биологическими классами",,True,True,False
http://10.4.95.44/v-pomoshch-budushchemu-vrachu,В помощь будущему врачу,"Список медицинских колледжей, медицинских и химико-биологических классов в Московской области.",,True,True,False
http://10.4.95.44/psychosupport,Заявка на консультацию,Заявка на консультацию,,True,True,False
http://10.4.95.44/zayavka_na_obezbolivanie,Заявка на обезболивание,Заявка на обезболивание,,True,True,False
http://10.4.95.44/schoolmothers,Школа матерей,"Школа матерей - это образовательные мероприятия, которые еженедельно проводятся в женских консультациях Московской области. На них будущим ма...........",,True,True,False
http://10.4.95.44/mezhdunarodnoe_sotrudnichestvo/mezhdunarodnaya_meditsinskaya_panoramavirtualnoe_sotrudniche,Международная медицинская панорама-виртуальное сотрудничество,Международная панорама для врачей.,,True,True,False
http://10.4.95.44/uslugi,Услуги,Услуги,,True,True,False
http://10.4.95.44/testovii_kontent/test,Test,Test,,True,True,False
http://10.4.95.44/testovii_kontent,Тестовый контент,,,True,False,False
http://10.4.95.44/clinics,Детские клиники,Медицинские организации,,True,True,False
http://10.4.95.44/psihologicheskaya_pomosch/uchebnii_tsentr_professionalnogo_razvitiya_kompetentsii_copy_copy,Психологическая помощь. Консультации и тренинги,Профилактика эмоционального и профессионального выгорания.,,True,True,False
http://10.4.95.44/psihologicheskaya_pomosch/poleznie_soveti_vrachei/sovet_1,Совет 1,Совет,,True,True,False
http://10.4.95.44/psihologicheskaya_pomosch/poleznie_soveti_vrachei/sovet_2,Совет 2,Совет 2,,True,True,False
http://10.4.95.44/psihologicheskaya_pomosch/poleznie_soveti_vrachei,Полезные советы врачей,Полезные советы,,True,True,False
http://10.4.95.44/psihologicheskaya_pomosch,Психологическая помощь,Информация об очных и дистанционных психологических тренингах.,,True,True,False
http://10.4.95.44/sotsialnie_seti,Социальные сети,Ссылки на страницы в социальных сетях и мессенджерах,,True,True,False
http://10.4.95.44/library,Библиотека,Библиотека с полезными материалами,,True,True,False
http://10.4.95.44/university/mify-i-ih-razoblachenie,Мифы и их разоблачение,Факты о здоровье детей,,True,True,False
http://10.4.95.44/university/saharnyj-diabet/saharnii_diabet_u_detei,Сахарный диабет у детей,Основная информация о заболевании,,True,True,False
http://10.4.95.44/university/saharnyj-diabet,Сахарный диабет,Школа сахарного диабета и основная информация о заболеании,,True,True,False
http://10.4.95.44/university/dcp/fakti-i-mifi-o-detskom-tserebralnom-paraliche,,,,False,False,False
http://10.4.95.44/university/dcp/roditeli_ne_vinovati_o_realnih_prichinah_invalidnosti,Родители не виноваты: о реальных причинах инвалидности,Почему в инвалидности детей часто винят родителей?,,True,True,False
http://10.4.95.44/university/dcp,ДЦП,Школа для родителей детей с ДЦП,,True,True,False
http://10.4.95.44/university,Здоровье детей,"Образовательные видео и статьи для родителей!
Интересные факты о родительстве.",,True,True,False
http://10.4.95.44/spravochnik_roditelya/dlya_molodih_roditelei/ya_rodilsa,«Я родился в Подмосковье»,Описание набора «Я родился в Подмосковье» и способ получения,,True,True,False
http://10.4.95.44/spravochnik_roditelya/dlya_molodih_roditelei/usluga__rozhdenie_rebenka,Услуга « Рождение ребенка»,Комплексная услуга для родителей,,True,True,False
http://10.4.95.44/spravochnik_roditelya/dlya_molodih_roditelei/_molochnaya_kuhnya_,Молочная кухня,Денежная компенсация молочной кухни,,True,True,False
http://10.4.95.44/spravochnik_roditelya/dlya_molodih_roditelei,Для молодых родителей,"Информация, которая пригодится родителям новорожденных",,True,True,False
http://10.4.95.44/spravochnik_roditelya/poliklinika_i_rebenok/oformlenie_polisa_oms,Оформление полиса ОМС,Как оформить полис ОМС. Чем отличаются постоянный и временный полисы ОМС?,,True,True,False
http://10.4.95.44/spravochnik_roditelya/poliklinika_i_rebenok/prikreplenie_k_poliklinike,Прикрепление к поликлинике,Как прикрепить ребенка к поликлинике,,True,True,False
http://10.4.95.44/spravochnik_roditelya/poliklinika_i_rebenok/zapis_k_vrachu,Запись к врачу,Как записаться ко врачу.,,True,True,False
http://10.4.95.44/spravochnik_roditelya/poliklinika_i_rebenok/vizov_vracha_na_dom,Вызов врача на дом,Как вызвать врача на дом.,,True,True,False
http://10.4.95.44/spravochnik_roditelya/poliklinika_i_rebenok,Поликлиника и ребенок,"Полис ОМС, вызов врача, прикрепление к поликлинике",,True,True,False
http://10.4.95.44/spravochnik_roditelya/lekarstvennoe_obespechenie_detei_do_18_let/lekarstvennoe_obespechenie_detei,Бесплатные лекарства для детей,Льготы о выделении лекарств бесплатно или со скидками зафиксированы на федеральном уровне.,,True,True,False
http://10.4.95.44/spravochnik_roditelya/lekarstvennoe_obespechenie_detei_do_18_let/besplatnie_lekarstva_detyam__invalidam,Бесплатные лекарства детям - инвалидам,Лекарственное обеспечение детей-инвалидов,,True,True,False
http://10.4.95.44/spravochnik_roditelya/lekarstvennoe_obespechenie_detei_do_18_let,Лекарственное обеспечение детей до 18 лет,Что нужно знать о лекарственном обеспечении ребенка,,True,True,False
http://10.4.95.44/spravochnik_roditelya,Рекомендации родителям,Краткая информация о способах предоставления медицинской помощи,,True,True,False
http://10.4.95.44/https://zdrav.mosreg.ru/map,,,,False,False,False
http://10.4.95.44/pacientskie-organizacii,Пациентские организации,Пациентские организации,,True,True,False
http://10.4.95.44/events,Мероприятия,Мероприятия Мероприятия,,True,True,False
http://10.4.95.44/plan_beremennost/chto_nuzhno_znat_zhenschine_i_muzhchine_pered_zachatiem_reby/test,Тест,Тест,,True,True,False
http://10.4.95.44/plan_beremennost/chto_nuzhno_znat_zhenschine_i_muzhchine_pered_zachatiem_reby,Что нужно знать женщине и мужчине перед зачатием ребёнка?,"Планирование беременности – важный период в жизни каждой пары. Отнестись к нему нужно наиболее ответственно, так как от своевременно начатой подготовки и обследования пары зависит успешность зачатия ребенка и течение беременности.",,True,True,False
http://10.4.95.44/plan_beremennost/etapi_podgotovki_k_beremennosti,Этапы подготовки к беременности,"Анализы, обследования, лечение болезней, питание, режим отдыха, приём лекарств. Планирование беременности — один из этапов ответственной подготовки семейной пары к рождению малыша.",,True,True,False
http://10.4.95.44/plan_beremennost/obsledovaniya_i_analizi_pered_beremennostyu,Обследования и анализы перед беременностью,"Список самых необходимых обследований, рекомендованных перед зачатием ребёнка. Это анализы на инфекции, исследование крови, УЗИ органов малого таза и прочее.",,True,True,False
http://10.4.95.44/plan_beremennost/10_shagov_k_uspeshnoi_beremennosti,10 шагов к успешной беременности,"Советы по планированию беременности. Рекомендации по обследованиям, специалистам, образу жизни перед зачатием ребенка. 10 важных советов от специалистов, как грамотно подготовиться к беременности.",,True,True,False
http://10.4.95.44/plan_beremennost/kak_bez_vracha_raspoznat_beremennost_po_rannim_priznakam,Как без врача распознать беременность по ранним признакам?,"Обычно ориентируются на задержку менструации, однако многие характерные изменения в теле женщины могут быть замечены и раньше. Головокружения и капризы могут указывать на беременность. Какие еще неочевидные признаки, читайте подробнее в нашей статье.",,True,True,False
http://10.4.95.44/plan_beremennost,Планирование беременности,"Планирование беременности, анализы перед зачатием, обследования перед зачатием, консультации перед зачатием, ЭКО Московская область, следить за овуляцией, рекомендации по питанию, упражнения Кегеля.",,True,True,False
http://10.4.95.44/doctors,Специалисты,Специалисты,,True,True,False
http://10.4.95.44/ya_beremenna/poleznie_soveti_vrachei/izmeneniya_v_organizme_beremennoi_zhenschini_chto_yavlyaetsya,,,,False,False,False
http://10.4.95.44/ya_beremenna/poleznie_soveti_vrachei/chto_nuzhno_znat_buduschei_mame_o_pervom_skrininge,Что нужно знать будущей маме о первом скрининге?,Первый скрининг в I триместре — одно из самых важных комплексных обследований будущей мамы.,,True,True,False
http://10.4.95.44/ya_beremenna/poleznie_soveti_vrachei/gemorroi_vo_vremya_beremennosti,Геморрой во время беременности,"Геморрой во время беременности. Советы врача, как справиться с недугом, какие продукты лучше всего употреблять, а от каких отказаться. Полезные советы гинеколога.",,True,True,False
http://10.4.95.44/ya_beremenna/poleznie_soveti_vrachei/anemiya_vo_vremya_beremennosti,Анемия во время беременности,"Анемия и железодефицит у беременных. Лечение и советы врача, симптомы болезни, которые нельзя игнорировать.",,True,True,False
http://10.4.95.44/ya_beremenna/poleznie_soveti_vrachei/pitanie_vo_vremya_beremennosti,Питание во время беременности,Полезное питание во время беременности.  Полноценное и сбалансированное питание во время беременности снижает риск развития многих патологий и болезней.,,True,True,False
http://10.4.95.44/ya_beremenna/poleznie_soveti_vrachei/uglevodi_vo_vremya_beremennosti_vred_i_polza,Углеводы во время беременности: вред и польза,"Углеводы во время беременности: вред и польза. Углеводы могут быть простыми и сложными. Разбираемся, какие можно употреблять беременным, а от каких углеводов лучше отказаться.",,True,True,False
http://10.4.95.44/ya_beremenna/poleznie_soveti_vrachei/kakie_lekarstva_mozhno_ispolzovat_beremennim,Какие лекарства можно использовать беременным?,"Список противопоказаний в аннотации к любому препарату практически всегда начинается со слов «не применять во время беременности и лактации», но и беременные, и кормящие женщины могут заболеть.",,True,True,False
http://10.4.95.44/ya_beremenna/poleznie_soveti_vrachei/beremennost_i_polyot_na_samolyote,Беременность и полёт на самолёте,"Беременность и полёт на самолёте. Перед планированием полёта надо изучить информацию на сайте выбранной авиакомпании и, конечно, посоветоваться с наблюдающим врачом-гинекологом",,True,True,False
http://10.4.95.44/ya_beremenna/poleznie_soveti_vrachei/fitnes_vo_vremya_beremennosti,Фитнес во время беременности,Занятия спортом во время беременности. Какие виды физической активности не рекомендованы беременным.,,True,True,False
http://10.4.95.44/ya_beremenna/poleznie_soveti_vrachei,Полезные советы врачей,Рекомендации специалистов для беременных женщин,,True,True,False
http://10.4.95.44/ya_beremenna/trevozhnie_signali/kislorodnoe_golodaniya_ploda,Кислородное голодания плода,"Неблагополучное внутриутробное состояние ребенка женщина может заподозрить, только если отмечает изменение шевелений: ослабление, снижение количества шевелений или их отсутствие.",,True,True,False
http://10.4.95.44/ya_beremenna/trevozhnie_signali/krovyanistie_videleniya,Кровянистые выделения,Кровянистые выделения во время беременности - опасное состояние. На ранних сроках появление кровянистых выделений может быть симптомом угрозы прерывания беременности.,,True,True,False
http://10.4.95.44/ya_beremenna/trevozhnie_signali/visokoe_arterialnoe_davlenie,Высокое артериальное давление,"Во время счастливого ожидания малыша может возникнуть тяжелое осложнение – преэклампсия, основным проявлением которого является повышение артериального давления. Симптомы и советы врачей.",,True,True,False
http://10.4.95.44/ya_beremenna/trevozhnie_signali/bol_v_zhivote,Боль в животе,"Боли в животе во время беременности. Причиной такой боли могут быть физиологические процессы - натяжение святочного аппарата органов малого таза, тренировочные схватки.",,True,True,False
http://10.4.95.44/ya_beremenna/trevozhnie_signali,Тревожные сигналы,на что обратить внимание,,True,True,False
http://10.4.95.44/ya_beremenna/edem_v_roddom/chto_vzyat_s_soboi_v_roddom,Что взять с собой в роддом?,Список вещей и документов необходимых в роддоме,,True,True,False
http://10.4.95.44/ya_beremenna/edem_v_roddom,Едем в роддом,едем в родильный дом,,True,True,False
http://10.4.95.44/ya_beremenna/posle_rodov/kontratseptsiya_posle_rodov,Контрацепция после родов,"Контрацепция после родов. Женскому организму нужен период для восстановления сил перед следующей беременностью, который составляет в идеале 1,5-2 года.",,True,True,False
http://10.4.95.44/ya_beremenna/posle_rodov/poslerodovoi_osmotr,Послеродовой осмотр,"Послеродовой осмотр у гинеколога. Разбираемся, когда нужно посетить гинеколога после появления малыша на свет.",,True,True,False
http://10.4.95.44/ya_beremenna/posle_rodov/opuschenie_tazovih_organov_posle_rodov_chto_delat,Опущение тазовых органов после родов: что делать?,"Опущение и выпадение женских половых органов – распространенная проблема у женщин не только старшего возраста, но и у молодых в послеродовом периоде. Современный уровень развития медицины позволяет не только лечить, но и профилактировать.",,True,True,False
http://10.4.95.44/ya_beremenna/posle_rodov,После родов,Полезная информация и советы врачей после родов,,True,True,False
http://10.4.95.44/ya_beremenna,Беременность,Календарь беременности,,True,True,False
http://10.4.95.44/faq,Вопрос-ответ,Раздел Вопрос-ответ,,True,True,False
http://10.4.95.44/internship,Заявка на стажировку,Заявка на стажировку,,True,True,False
http://10.4.95.44/https://zdrav.mosreg.ru/widget-pharmacy-map,,,,False,False,False
http://10.4.95.44/dod,Проверьте здоровье перед новогодними праздниками: бесплатные обследования пройду,Проверьте здоровье перед новогодними праздниками: бесплатные обследования пройдут в Подмосковье,,True,True,False
http://10.4.95.44/news,Все новости,Новости,,True,True,False
http://10.4.95.44/quiz,"Тесты, опросы и голосования","Гегельянство категорически рефлектирует субъективный дуализм, открывая новые горизонты. Отношение к современности раскладывает на элементы напряженный смысл жизни.",,True,True,False
http://10.4.95.44/address,Адресная книга,Адресная книга,,True,True,False
http://10.4.95.44/confirm/cancelspecialistbecomes,,,,False,False,False
http://10.4.95.44/confirm/canceltutorfeedback,,,,False,False,False
http://10.4.95.44/confirm/approvetutorfeedback,,,,False,False,False
http://10.4.95.44/confirm/approvespecialistbecomes,,,,False,False,False
http://10.4.95.44/confirm/cancelnewsletter,,,,False,False,False
http://10.4.95.44/confirm/approvenewsletter,,,,False,False,False
http://10.4.95.44/confirm,Подтверждение запросов,Подтверждение запросов,,True,True,False
http://10.4.95.44/contract_birth,"Заявка на ""Контрактные роды""",Форма заявки,,True,True,False
http://10.4.95.44/contract_birth_thanks,"Спасибо, что оставили заявку на ""Контрактные роды""","Спасибо, что оставили заявку на ""Контрактные роды""",,True,True,False
http://10.4.95.44/make_order,Оставить заявку,Оставить заявку,,True,True,False
http://10.4.95.44/make_order_thanks,"Спасибо, что оставили заявку","Спасибо, что оставили заявку",,True,True,False
http://10.4.95.44/lpu_order,Заявка из ЛПУ,Заявка из ЛПУ,,True,True,False
http://10.4.95.44/lpu_order_thanks,"Спасибо, что оставили заявку из ЛПУ","Спасибо, что оставили заявку из ЛПУ",,True,True,False
http://10.4.95.44/events/den-jenskogo-zdorovya,День женского здоровья,"Во время Дня женского здоровья можно получить бесплатную консультацию онколога, сделать необходимые обследования.",,True,True,False
http://10.4.95.44/events/den-mujskogo-zdorovya,День мужского здоровья,"Во время Дня мужского здоровья можно получить бесплатную консультацию онколога, сделать необходимые обследования.",ТЕСТ МЕРОПРИЯТИЯ,True,True,True
http://10.4.95.44/events/staroe-meropriyatie-06062024-16062024,Старое мероприятие 06.06.2024-16.06.2024,Старое мероприятие 06.06.2024-16.06.2024,,True,True,False
http://10.4.95.44/events/testovoe_meropriyatie,Тестовое мероприятие,Тест,,True,True,False
http://10.4.95.44/events/fakultet_informatsionnih_tehnologii_universiteta_sinergiya_p,Факультет информационных технологий Университета «Синергия» приглашает на День о,"Факультет информационных технологий Университета «Синергия» приглашает на День открытых дверей. Гости познакомятся с образовательными программами, условиями поступления и обучения, познакомятся с преподавателями и студентами.",Информационный сервис/Мероприятия1234567891011121314151617181920Информационный сервис/МероприятияИнформационный сервис/МероприятияИнформационный сервис/МероприятияИнформационный сервис/Мероприятиявот.,True,True,True
http://10.4.95.44/news/test__novosti,Все самое важное,Информация о новостях,ТЕСТ НОВОСТИ,True,True,True
http://10.4.95.44/news/partnyorskie_rodi_stanovyatsya_populyarnee_v_podmoskove,тайтл для сео,описание сео,Новости,True,True,True
http://10.4.95.44/news/proekt_stan_mamoi_bil_otmechen_na_natsionalnoi_premii_umnii_,,,,False,False,False
http://10.4.95.44/news/nipt_diagnostika_hromosomnih_anomalii_u_ploda,,,,False,False,False
http://10.4.95.44/news/moniiag_priglashaet_na_vstrechu_s_akusherami_i_neonatologami,,,,False,False,False
http://10.4.95.44/news/s_mezhdunarodnim_dnyom_meditsinskoi_sestri,,,,False,False,False
http://10.4.95.44/news/pochemu_vazhno_promivat_nos_grudnichkam_dazhe_pri_prostom_na,,,,False,False,False
http://10.4.95.44/news/ministr_zdravoohraneniya_podmoskovya_virazil_priznatelnost_o,,,,False,False,False
http://10.4.95.44/news/ordinator_moniiag_prinyala_rodi_po_doroge_s_uchyobi,Title SEO !!!,Description SEO !!!!,,True,True,False
http://10.4.95.44/news/proverte_reproduktivnoe_zdorove_besplatno_v_podmoskove,,,,False,False,False
http://10.4.95.44/news/bolee_1500_akusherok_pomogayut_zhitelnitsam_podmoskovya_v_va,,,,False,False,False
http://10.4.95.44/news/prilozhenie_zdorove_onlain_zapuscheno_v_moskovskoi_oblasti,,,,False,False,False
http://10.4.95.44/news/20_noyabrya_den_pediatra_i_vsemirnii_den_rebenka,,,,False,False,False
http://10.4.95.44/news/opuholi_gipofiza_naskolko_opasni,,,,False,False,False
http://10.4.95.44/news/vrachi-rasskazali-ob-opasnosti-bytovogo-gaza,,,,False,False,False
http://10.4.95.44/news/palliativnye-pacienty-s-onkologiej-mogut-obratitsya-v-koordinacionnyj-centr-v-himkah,,,,False,False,False
http://10.4.95.44/news/vrachi-voskresenska-pomogli-zhenshine-s-perelomami-shejki-bedra,,,,False,False,False
http://10.4.95.44/news/vrachi-rasskazali-pro-onkologiyu-lyogkih,,,,False,False,False
http://10.4.95.44/news/onkologi-podmoskovya-uchastvuyut-v-konferencii-v-odincove,,,,False,False,False
http://10.4.95.44/news/simtomy-onkologii-gorla,,,,False,False,False
http://10.4.95.44/news/konkurs-dlya-medrabotnikov-podmoskovya,,,,False,False,False
http://10.4.95.44/news/lekarstvo-ot-onkologii-iz-ugolnoj-zoly,,,,False,False,False
http://10.4.95.44/news/videonstrukciya-po-zapisi-k-onkologu,,,,False,False,False
http://10.4.95.44/news/redkie-vidy-onkologii,,,,False,False,False
http://10.4.95.44/news/onkodesant-v-ramenskom,,,,False,False,False
http://10.4.95.44/news/donorov-priglashayut-sdat-krov-v-kolomne,,,,False,False,False
http://10.4.95.44/news/streptokokki-pomogut-vylechit-onkologiyu,,,,False,False,False
http://10.4.95.44/news/dispanserizaciya-dlya-zhitelej-podmoskovya,,,,False,False,False
http://10.4.95.44/news/pacienty-s-onkologiej-mogut-obratitsya-na-goryachuyu-liniyu-po-palliativnoj-pomoshi,,,,False,False,False
http://10.4.95.44/news/simptomy-onkologii-mochevogo-puzyrya,,,,False,False,False
http://10.4.95.44/news/vrach-rasskazala-kakoj-solnezashitnyj-krem-vybrat,,,,False,False,False
http://10.4.95.44/news/vrach-rasskazal-chem-opasny-parazity,,,,False,False,False
http://10.4.95.44/news/vrachi-podmoskovya-otmechayut-professionalnyj-prazdnik,,,,False,False,False
http://10.4.95.44/news/minzdrav-rossii-prizval-otkazatsya-ot-alkogolya,,,,False,False,False
http://10.4.95.44/news/den-donora-krovi-otmechayut-vo-vsyom-mire,,,,False,False,False
http://10.4.95.44/news/vrach-rasskazala-pro-recidivy-pri-onkologii,,,,False,False,False
http://10.4.95.44/news/vrach-napomnil-ob-opasnoj-patologii-pochki,,,,False,False,False
http://10.4.95.44/news/uchyonye-ispytyvayut-novyj-radiofarmpreparat,,,,False,False,False
http://10.4.95.44/news/vrachi-lyuberec-ostanovili-rost-opuholi,,,,False,False,False
http://10.4.95.44/news/besplatnyj-analiz-krovi-mozhno-sdat-v-parkah-moskovskoj-oblasti,,,,False,False,False
http://10.4.95.44/news/konferenciya-onkologov-podmoskovya-projdyot-9-iyunya,,,,False,False,False
http://10.4.95.44/news/dlya-pacientov-s-onkologiej-i-ih-rodstvennikov-rabotaet-specialnaya-shkola,,,,False,False,False
http://10.4.95.44/news/onkolog-rasskazal-pro-zashitu-kozhi-letom,,,,False,False,False
http://10.4.95.44/news/zhitel-odincova-uznal-ob-onkologii-na-dispanserizacii,,,,False,False,False
http://10.4.95.44/news/testovaya_novost,,,,False,False,False
http://10.4.95.44/news/vrach-rasskazal-pro-onkologiyu-matki,,,,False,False,False
http://10.4.95.44/news/vsemirnyj-den-otkaza-ot-tabaka,,,,False,False,False
http://10.4.95.44/news/zhitelnica-krasnogorska-pobedila-onkologiyu-molochnyh-zhelyoz,,,,False,False,False
http://10.4.95.44/news/zhitelnicy-krasnogorska-mogut-besplatno-sdelat-mammografiyuhttp://10.4.95.44/news/zhenshin-s-onkologiej-molochnyh-zhelyoz-priglashayut-na-uroki-risovaniya,,,,False,False,False
http://10.4.95.44/news/profilaktika-zabolevanij-shitovidnoj-zhelezy,,,,False,False,False
http://10.4.95.44/news/v-podmoskove-provoditsya-dispanserizaciya-zhitelej,,,,False,False,False
http://10.4.95.44/news/medrabotniki-moskovskoj-oblasti-poluchayut-kompensaciyu-za-suem-zhilya,,,,False,False,False
http://10.4.95.44/news/pyat-grupp-riska-po-onkologii,,,,False,False,False
http://10.4.95.44/news/v-podmoskove-zapustili-opros-o-kachestve-zdravoohraneniya,,,,False,False,False
http://10.4.95.44/news/vrach-napomnil-o-profilaktike-melanomy,,,,False,False,False
http://10.4.95.44/news/uchyonye-nashli-vzaimosvyaz-mezhdu-prosmotrom-televizora-i-onkologiej,,,,False,False,False
http://10.4.95.44/news/zhitelyu-podmoskovya-najti-onkologiyu-pomogla-dispanserizaciya,,,,False,False,False
http://10.4.95.44/news/profilaktika-onkologii-v-podmoskove,,,,False,False,False
http://10.4.95.44/news/xii-suezd-onkologov-rossii-projdyot-v-samare,,,,False,False,False
http://10.4.95.44/news/noginskie-vrachi-spasli-zhenshinu-s-ogromnoj-opuholyu,,,,False,False,False
http://10.4.95.44/news/chem-opasen-hronicheskij-pankreatit,,,,False,False,False
http://10.4.95.44/news/zhitelnica-podmoskovya-rasskazala-o-borbe-s-onkologiej,,,,False,False,False
http://10.4.95.44/news/vrach-rasskazala-pro-gistologiyu-opuholej,,,,False,False,False
http://10.4.95.44/news/uchyonye-nashli-novyj-radionuklid-dlya-lecheniya-opuholi,,,,False,False,False
http://10.4.95.44/news/uchyonye-pridumali-novyj-protivoopuholevyj-preparat,,,,False,False,False
http://10.4.95.44/news/vrach-rasskazal-sovmestimy-li-beremennost-i-onkologiya,,,,False,False,False
http://10.4.95.44/news/vrachi-podmoskovya-spasli-zhenshinu-s-ishemicheskoj-boleznyu-i-opuholyu,,,,False,False,False
http://10.4.95.44/news/istoriya-spaseniya-beremennoj-zhenshiny-s-opuholyu-pochki,,,,False,False,False
http://10.4.95.44/news/lechenie-i-diagnostika-onkologii-v-sovremennom-pet-centre,,,,False,False,False
http://10.4.95.44/news/vrach-rasskazal-o-novoobrazovaniyah-v-pochkah,,,,False,False,False
http://10.4.95.44/news/vrach-rasskazala-chem-opasny-shashlyki,,,,False,False,False
http://10.4.95.44/news/v-podolske-udalili-opuhol-golovnogo-mozga-s-pomoshhyu-sovremennogo-metoda,,,,False,False,False
http://10.4.95.44/news/fotoproekt-rasskazyvaet-o-pacientah-s-onkologiej,,,,False,False,False
http://10.4.95.44/news/vrachi-rasskazali-o-profilaktike-onkologii-yajichnikov,,,,False,False,False
http://10.4.95.44/news/onkolog-napomnila-o-simptomah-raka-lyogkih,,,,False,False,False
http://10.4.95.44/news/vrachi-rasskazali-nuzhno-li-udalyat-dobrokachestvennuyu-opuhol,,,,False,False,False
http://10.4.95.44/news/istoriya-spaseniya-zhenshiny-s-opuholyu-mozga,,,,False,False,False
http://10.4.95.44/news/vakcinu-protiv-raka-kozhi-protestirovali-na-pacientah,,,,False,False,False
http://10.4.95.44/news/zhitelnice-noginska-udalili-redkuyu-miomu,,,,False,False,False
http://10.4.95.44/news/analizy-dlya-vyyavleniya-onkologii,,,,False,False,False
http://10.4.95.44/news/zhitelnicy-podmoskovya-sami-zapisyvayutsya-na-mammografiyu,,,,False,False,False
http://10.4.95.44/news/pacientov-stomatologij-osmotryat-na-predmet-raka-polosti-rat,,,,False,False,False
http://10.4.95.44/news/vrachi-moniki-proveli-operaciyu-na-mozge-pacientke-v-soznanii,,,,False,False,False
http://10.4.95.44/news/golosovoj-pomoshnik-zapisyvaet-na-priyom-pacientov-s-onkologiej,,,,False,False,False
http://10.4.95.44/news/onkolog-rasskazal-o-lechenii-raka-predstatelnoj-zhelezy,,,,False,False,False
http://10.4.95.44/news/okolo-200-podmoskovnyh-onkologov-prinyali-uchastie-v-konferencii,,,,False,False,False
http://10.4.95.44/news/istoriya-spaseniya-pacientka-uznala-o-pozdnej-beremennosti-iz-za-boyazni-razvitiya-raka,,,,False,False,False
http://10.4.95.44/news/v-kolomne-provodyat-obsledovaniya-na-onkologiyu,,,,False,False,False
http://10.4.95.44/news/pochemu-onkopacientam-mozhno-i-nuzhno-dumat-o-rozhdenii-detej,,,,False,False,False
http://10.4.95.44/news/nekotorye-privivki-zashityat-ot-lgkllo,,,,False,False,False
http://10.4.95.44/news/tret-rossiyan-boyatsya-vrachej-osobenno-onkologov-i-stomatologov,,,,False,False,False
http://10.4.95.44/news/mikroskop-dlya-udaleniya-opuholej-golovy-poyavilsya-v-dolgoprudnom,,,,False,False,False
http://10.4.95.44/news/zhitelnicy-ramenskogo-prohodyat-rasshirennuyu-kolposkopiyu,,,,False,False,False
http://10.4.95.44/news/bolee-40-zhitelej-proshli-dispanserizaciyu-v-novom-formate-v-kolomne,,,,False,False,False
http://10.4.95.44/news/onkolog-rasskazal-mozhet-li-shampun-vyzvat-rak,,,,False,False,False
http://10.4.95.44/news/vrachi-diagnostiruyut-onkologiyu-polosti-rta,,,,False,False,False
http://10.4.95.44/news/vrachi-napomnili-o-kontrole-za-zdorovem-zheludka,,,,False,False,False
http://10.4.95.44/news/uchyonye-izuchayut-prichiny-raka-zheludka,,,,False,False,False
http://10.4.95.44/news/devochka-iz-kolomny-pobedila-onkologiyu-4-stadii,,,,False,False,False
http://10.4.95.44/news/rodinki-u-zhitelej-solnechnogorska-proveryat-pri-pomoshi-iskusstvennogo-intellekta,,,,False,False,False
http://10.4.95.44/news/vrach-rasskazal-o-stomah-u-onkopacientov,,,,False,False,False
http://10.4.95.44/news/podolskie-vrachi-udalili-devushke-kistu-napolnennuyu-volosami-i-kostyami,,,,False,False,False
http://10.4.95.44/news/razbiraemsya-chto-takoe-klinicheskie-rekomendacii,,,,False,False,False
http://10.4.95.44/news/vrachi-podmoskovya-vernut-golos-lyudyam-s-onkologiej-gortani,,,,False,False,False
http://10.4.95.44/news/vrachi-rasskazali-kak-vovremya-zametit-simptomy-i-ne-propustit-bolezn,,,,False,False,False
http://10.4.95.44/news/marker-pomozhet-vyyavit-onkologiyu,,,,False,False,False
http://10.4.95.44/news/svezhaya_aktualnaya_novost,,,,False,False,False
http://10.4.95.44/news/onkolog-perechislil-procedury-kotorye-pomogut-vyyavit-rak,,,,False,False,False
http://10.4.95.44/news/stal-izvesten-naibolee-opasnyj-vozrast-pri-rake-prostaty,,,,False,False,False
http://10.4.95.44/news/v-podmoskove-prodolzhaetsya-remont-medicinskih-uchrezhdenij,,,,False,False,False
http://10.4.95.44/news/istoriya-spaseniya-zhenshiny-s-miomoj,,,,False,False,False
http://10.4.95.44/news/zhizn-prodolzhaetsya-pacientka-rasskazala-o-borbe-s-onkologiej,,,,False,False,False
http://10.4.95.44/news/bolee-85-tysyach-podmoskovnyh-medikov-poluchayut-kompensaciyu-za-arendu-zhilya,,,,False,False,False
http://10.4.95.44/news/zhiteli-kolomny-mogut-pouchastvovat-v-donorskoj-akcii,,,,False,False,False
http://10.4.95.44/news/v-vidnovskoj-bolnice-budut-prohodit-dispanserizaciyu-v-otdelnom-bloke,,,,False,False,False
http://10.4.95.44/news/masterklass_dlya_shkolnikov,,,,False,False,False
http://10.4.95.44/news/vizit_delegatsii_niki_detstva_v_gomelskii_meditskii_unive,,,,False,False,False
http://10.4.95.44/news/strategicheskaya_sessiya_nastavnichestvo_2022,,,,False,False,False
http://10.4.95.44/news/o_proekte_nash_uchastkovii_vrach_v_regionah,,,,False,False,False
http://10.4.95.44/news/sanktpeterburg_podklyuchitsya_k_proektu_nash_uchastkovii_vra,,,,False,False,False
http://10.4.95.44/news/sovet_molodih_vrachei,,,,False,False,False
http://10.4.95.44/news/vladimirskie_pediatri_priglasheni_k_uchastiyu_v_proekte_nash,,,,False,False,False
http://10.4.95.44/news/v_podmoskove_zarabotal_uchebnii_tsentr_kompetentsii_v_pediat,,,,False,False,False
http://10.4.95.44/news/_meditsinskii_kvestmarafon,,,,False,False,False
http://10.4.95.44/news/radionuklidnaya-terapiya-v-podmoskove,,,,False,False,False
http://10.4.95.44/news/lechenie-onkopacientov-v-moskovskoj-oblasti,,,,False,False,False
http://10.4.95.44/news/onkosluzhba-podmoskovya-otmechena-gubernatorom,,,,False,False,False
http://10.4.95.44/news/pacientam-s-onkologiej-rekomenduyut-sdelat-privivku-ot-covid-19,,,,False,False,False
http://10.4.95.44/news/onkolikbez-rak-yaichnikov,,,,False,False,False
http://10.4.95.44/news/kak-brosit-kurit-rak-lyogkogo,,,,False,False,False
http://10.4.95.44/news/den-otkrytyh-dverej-v-ramenskoj-oblastnoj-bolnice,,,,False,False,False
http://10.4.95.44/news/onkopomosh-stanet-dostupnee-s-yanvarya-2022-goda,,,,False,False,False
http://10.4.95.44/news/onkolog-nazvala-vrednye-produkty-dlya-novogodnego-stola,,,,False,False,False
http://10.4.95.44/news/den-otkrytyh-dverej-rak-shejki-matki,,,,False,False,False
http://10.4.95.44/news/preparat-ot-diabeta-mozhet-lechit-onkologiyu-molochnyh-zhelyoz,,,,False,False,False
http://10.4.95.44/news/uchyonye-rasskazali-kak-sladkoe-vliyaet-na-onkologiyu,,,,False,False,False
http://10.4.95.44/news/kompensayaciya-za-arendu-zhilya,,,,False,False,False
http://10.4.95.44/news/zhitelnica-podmoskovya-rasskazala-istoriyu-borby-s-onkologiej,,,,False,False,False
http://10.4.95.44/news/onkolog-rasskazal-o-novom-shtamme-koronavirusa,,,,False,False,False
http://10.4.95.44/news/uchyonye-nazvali-vitamin-kotoryj-mozhet-razvit-onkologiyu,,,,False,False,False
http://10.4.95.44/news/nejrohirurg-rasskazal-ob-onkologii-golovnogo-mozga,,,,False,False,False
http://10.4.95.44/news/kak-koronavirus-povliyal-na-rabotu-onkosluzhby-v-podmoskove,,,,False,False,False
http://10.4.95.44/news/operaciya-na-yaichnikah-v-podmoskove,,,,False,False,False
http://10.4.95.44/news/melanoma-simptomy-i-lechenie,,,,False,False,False
http://10.4.95.44/news/vrach-rasskazal-o-sovremennyh-operaciyah-onkologii-golovnogo-mozga,,,,False,False,False
http://10.4.95.44/news/vrach-rasskazal-o-simptomah-allergii-i-onkologii,,,,False,False,False
http://10.4.95.44/news/telemedicina-onkokonsiliumy-v-moskovskoj-oblasti,,,,False,False,False
http://10.4.95.44/news/onkolog-rasskazal-o-pitanii-i-onkologii,,,,False,False,False
http://10.4.95.44/news/besplatnye-obsledovaniya-v-moskovskoj-oblasti,,,,False,False,False
http://10.4.95.44/news/onkolog-rasskazal-o-diagnostike-i-lechenii-raka-lyogkih,,,,False,False,False
http://10.4.95.44/news/obsledovaniya-v-kolomne,,,,False,False,False
http://10.4.95.44/news/dlia-zhitelnits-podmoskovia-proidiot-besplatnoe-obsledovanie,,,,False,False,False
http://10.4.95.44/news/intervyu-vracha-onkologa-o-rake-kozhi-i-molochnoj-zheleze,,,,False,False,False
http://10.4.95.44/news/uchyonye-protestirovali-apparat-mrt-dlya-tochnogo-vyyavleniya-onkologii-yaichnikov,,,,False,False,False
http://10.4.95.44/news/rak-kishechnika-simptomy,,,,False,False,False
http://10.4.95.44/news/novoe-oborudovanie-v-moskovskoj-oblasti,,,,False,False,False
http://10.4.95.44/news/rossijskie-uchyonye-sozdali-lekarstvo-ot-onkologii-molochnoj-zhelezy,,,,False,False,False
http://10.4.95.44/news/uchyonye-razrabatyvayut-effektivnye-lekarstva-ot-raka,,,,False,False,False
http://10.4.95.44/news/metodiku-podmoskovnyh-vrachej-opublikovali-v-mezhdunarodnom-zhurnale,,,,False,False,False
http://10.4.95.44/news/novye-kabinety-dlya-kt-poyavilis-v-podmoskove,,,,False,False,False
http://10.4.95.44/news/lechenie-v-moskovskom-oblastnom-dispansere,,,,False,False,False
http://10.4.95.44/news/obsledovaniya-na-rak-kozhi,,,,False,False,False
http://10.4.95.44/news/obsledovanie-na-rak-shejki-matki,,,,False,False,False
http://10.4.95.44/news/uchyonye-nazvali-kashel-simptomom-raka-lyogkih,,,,False,False,False
http://10.4.95.44/news/fotoproekt-himiya-byla-no-my-rasstalis-zapustili-v-moskovskom-metro,,,,False,False,False
http://10.4.95.44/news/vakcinaciya-onkobolnyh-2,,,,False,False,False
http://10.4.95.44/news/opuhol-vesom-pyat-kilogrammov-udalili-zhitelnice-zhukovskogo,,,,False,False,False
http://10.4.95.44/news/v-kolomne-projdyot-skrining-na-rak-shitovidnoj-zhelezy,,,,False,False,False
http://10.4.95.44/news/uchyonye-razrabatyvayut-monokristally-dlya-vyyavleniya-granic-onkologii,,,,False,False,False
http://10.4.95.44/news/nejrobiologi-poprobovali-izmenit-mutaciyu-genov-s-onkologiej,,,,False,False,False
http://10.4.95.44/news/dni-otkrytyh-dverej-v-podmoskove,,,,False,False,False
http://10.4.95.44/news/emocionalnoe-vygoranie,,,,False,False,False
http://10.4.95.44/news/rak-shitovidnoj-zhelezy,,,,False,False,False
http://10.4.95.44/news/aleksandr-myasnikov-nazval-vitaminy-kotorye-mogut-vyzvat-rak,,,,False,False,False
http://10.4.95.44/news/podmoskovnye-onkologi-proveli-150-sovremennyh-operacij,,,,False,False,False
http://10.4.95.44/news/den-otkrytyh-dverej-projdet-v-ramenskom,,,,False,False,False
http://10.4.95.44/news/poluchit-medotvod-mozhno-budet-cherez-gosuslugi,,,,False,False,False
http://10.4.95.44/news/emocionalnoe-istoshenie-uvelichivaet-risk-razvitiya-onkologii,,,,False,False,False
http://10.4.95.44/news/opasnye-veshestva-v-vozduhe-mogut-vyzyvat-onkologiyu,,,,False,False,False
http://10.4.95.44/news/pryamoj-efir-s-vrachom-onkologom,,,,False,False,False
http://10.4.95.44/news/vybrat-luchshego-vracha-onkologa-mozhno-na-portale-dobrodel,,,,False,False,False
http://10.4.95.44/news/kolomenskie-vrachi-udalili-triokhkilogrammovuiu-opukhol,,,,False,False,False
http://10.4.95.44/news/odincovskij-centr-onkopomoshi,,,,False,False,False
http://10.4.95.44/news/onkologicheskaya-olimpiada-proshla-dlya-vrachej-onkologov,,,,False,False,False
http://10.4.95.44/news/novoe-oborudovanie-postupilo-v-kolomnu,,,,False,False,False
http://10.4.95.44/news/delegaciya-minzdrava-tatarstana-poznakomilis-s-onkosluzhboj-podmoskovya,,,,False,False,False
http://10.4.95.44/news/aktualnye-voprosy-borby-s-opasnym-nedugom-obsudili-na-nauchno-prakticheskoj-konferencii,,,,False,False,False
http://10.4.95.44/news/poluchit-besplatnye-lekarstva-teper-mozhno-na-specialnom-portale,,,,False,False,False
http://10.4.95.44/news/risk-razvitiya-melanomy-ocenyat-u-zhitelej-odincovo,,,,False,False,False
http://10.4.95.44/news/dispanserizaciya-po-novoj-modeli-budet-v-bolnicah-podmoskovya,,,,False,False,False
http://10.4.95.44/news/centry-ambulatornoj-onkopomoshi-v-podmoskove,,,,False,False,False
http://10.4.95.44/news/novaya-model-prohozhdeniya-dispanserizacii-v-podmoskove,,,,False,False,False
http://10.4.95.44/news/novoe-oborudovanie-poyavitsya-v-meduchrezhdeniyah-podmoskovya,,,,False,False,False
http://10.4.95.44/news/rak-mochevogo-puzyrya,,,,False,False,False
http://10.4.95.44/news/isk-razvitiya-tyazhyoloj-formy-onkologii-tolstoj-kishki-u-zhenshin-gorazdo-vyshe,,,,False,False,False
http://10.4.95.44/news/zhitelnic-krasnogorska-obsledovali-na-rak-molochnoj-zhelezy,,,,False,False,False
http://10.4.95.44/news/dobrovolcy-smogut-sdat-krov-dlya-onkopacientov,,,,False,False,False
http://10.4.95.44/news/rossijskie-i-yaponskie-specialisty-obsudili-metody-lecheniya-vozrastnyh-onkopacientov,,,,False,False,False
http://10.4.95.44/news/v-sergievom-posade-rabotaet-centr-ambulatornoj-onkologicheskoj-pomoshi,,,,False,False,False
http://10.4.95.44/news/v-podmoskove-zamenyat-medicinskoe-oborudovanie,,,,False,False,False
http://10.4.95.44/news/v-podolske-dlya-vrachej-onkologov-proshla-konferenciya-po-diagnostike-melanomy,,,,False,False,False
http://10.4.95.44/news/dlya-zhitelej-balashihi-proveli-akciyu-po-otkazu-ot-kureniya,,,,False,False,False
http://10.4.95.44/news/kolonoskopiya-s-inskusstvennym-intellektom-luchshe-vyyavlyaet-adenomy,,,,False,False,False
http://10.4.95.44/news/vrachi-provedut-obsledovanie-dlya-zhenshin-kolomny,,,,False,False,False
http://10.4.95.44/news/risk-razvitiya-raka-mozhno-sokratit,,,,False,False,False
http://10.4.95.44/news/uchyonye-rassmatrivayut-metod-diagnostiki-raka-prostaty-vo-vydohu,,,,False,False,False
http://10.4.95.44/news/zapushennyj-pacientom-appendicit-zamaskirovalsya-pod-rak-kishechnika,,,,False,False,False
http://10.4.95.44/news/rossijskie-i-zarubezhnye-specialisty-budut-provodit-onlajn-konsiliumy,,,,False,False,False
http://10.4.95.44/news/podmoskovnye-onkologi-proveli-operaciyu-na-pishevode,,,,False,False,False
http://10.4.95.44/news/nanolekarstva-v-budushem-mogut-pomoch-v-lechenii-onkologii,,,,False,False,False
http://10.4.95.44/news/intervyu-s-zaveduyushej-patologoanatomicheskim-otdeleniem-ramenskoj-oblastnoj-bolnicy-lyudmiloj-trefilovoj,,,,False,False,False
http://10.4.95.44/news/minzdrav-rossii-ocenil-rabotu-onkosluzhby-v-podmoskove,,,,False,False,False
http://10.4.95.44/news/pacienty-proshedshie-kurs-protivoopuholevogo-lecheniya-imeyut-riski-oslozhnenij-posle-covid-19,,,,False,False,False
http://10.4.95.44/news/onkolikbez-rak-kozhi-i-vidy,,,,False,False,False
http://10.4.95.44/news/robot-napomnit-posetit-onkologa,,,,False,False,False
http://10.4.95.44/news/onkolog-rasskazal-o-vazhnosti-diagnostiki-onkologii-kishechnika,,,,False,False,False
http://10.4.95.44/news/minzdrav-moskovskoj-oblasti-prokontroliruet-remont-i-osnashenie-onkocentrov,,,,False,False,False
http://10.4.95.44/news/vidy-raka-kozhi-melanoma,,,,False,False,False
http://10.4.95.44/news/nacproekt-zdravoohranenie-provodit-akciyu-po-diagnostike-onkologii-u-devushek,,,,False,False,False
http://10.4.95.44/news/vakcinaciya-pozhilyh-lyudej,,,,False,False,False
http://10.4.95.44/news/eksperty-minzdrava-rossii-proverili-onkologicheskie-centry-v-lyubercah,,,,False,False,False
http://10.4.95.44/news/chat-bot-dlya-brosayushih-kurit,,,,False,False,False
http://10.4.95.44/news/uchyonye-iz-velikobritanii-nashli-novyj-sposob-lecheniya-detskoj-onkologii,,,,False,False,False
http://10.4.95.44/news/uchyonye-sozdali-nejroset-dlya-vyyavleniya-raka-kozhi,,,,False,False,False
http://10.4.95.44/news/zhitelnic-ramenskogo-obsledovali-na-rak-molochnoj-zhelezy,,,,False,False,False
http://10.4.95.44/news/oblastnoj-onkodispanser-v-chisle-luchshih-klinik-podmoskovya,,,,False,False,False
http://10.4.95.44/news/uchyonye-mogut-sozdat-lekarstvo-ot-onkologii-iz-mphk-vakciny-protiv-koronavirusa,,,,False,False,False
http://10.4.95.44/news/istoriya-spaseniya-pacientki-iz-podmoskovya,,,,False,False,False
http://10.4.95.44/news/vakcinaciya-onkobolnyh-1,,,,False,False,False
http://10.4.95.44/news/vrachi-nazvali-simptomy-kotorye-mogut-ukazyvat-na-onkologiyu,,,,False,False,False
http://10.4.95.44/news/opasnyj-parazit-v-budushem-mozhet-pomoch-v-borbe-s-onkologiej,,,,False,False,False
http://10.4.95.44/news/centr-zhenskogo-zdorovya-v-klinu,,,,False,False,False
http://10.4.95.44/news/socialnye-karty-onkopacientam-ne-blokiruyut,,,,False,False,False
http://10.4.95.44/news/vakcinaciya-onkobolnyh,,,,False,False,False
http://10.4.95.44/news/luchshij-vrach-moskovskoj-oblasti,,,,False,False,False
http://10.4.95.44/news/zhitelnic-podmoskovya-obsledovali-na-rak-molochnoj-zhelezy,,,,False,False,False
http://10.4.95.44/news/youtube-kanal-onkologicheskogo-portala,,,,False,False,False
http://10.4.95.44/news/centr-onkopomoshi-v-balashihe-prinyal-pervyh-pacientov,,,,False,False,False
http://10.4.95.44/news/centr-ambulatornoj-onkologicheskoj-pomoshi-v-sergievom-posade-prinyal-pervyh-pacientov,,,,False,False,False
http://10.4.95.44/news/v-himkah-otkrylsya-institut-yadernoj-mediciny,,,,False,False,False
http://10.4.95.44/news/onkolikbez-rak-grudi-kak-vovremya-obnaruzhit,,,,False,False,False
http://10.4.95.44/news/konferenciya-onkologov-moskovskoj-oblasti,,,,False,False,False
http://10.4.95.44/news/otdelenie-himioterapii-otremontirovali-v-oblastnom-onkodispansere,,,,False,False,False
http://10.4.95.44/news/ramenskie-vrachi-priglashayut-obsledovatsya-na-rak-molochnoj-zhelezy,,,,False,False,False
http://10.4.95.44/news/sdacha-analiza-pozvolyaet-vyyavit-rak-na-rannej-stadii,,,,False,False,False
http://10.4.95.44/news/sovremennye-metody-diagnostiki-raka-kozhi,,,,False,False,False
http://10.4.95.44/news/sdat-krov-v-onkodispansere-v-balashihe,,,,False,False,False
http://10.4.95.44/news/podmoskovnye-onkologi-podelilis-opytom-lecheniya-raka-yaichnikov-s-zarubezhnymi-kollegami,,,,False,False,False
http://10.4.95.44/news/skrining-organov-malogo-taza-v-kolomne,,,,False,False,False
http://10.4.95.44/news/skrining-v-orehovo-zuevo-na-rak-molochnoj-zhelezy,,,,False,False,False
http://10.4.95.44/news/pacientam-v-podmoskove-ne-pridyotsya-zhdat-onkokonsiliuma-dolshe-dvuh-dnej,,,,False,False,False
http://10.4.95.44/news/v-podmoskovnyh-himkah-proveli-obsledovanie-zhenshin-na-rak-molochnoj-zhelezy-v-ramkah-dnej-otkrytyh-dverej,,,,False,False,False
http://10.4.95.44/news/tsentr-ambulatornoi-onkologicheskoi-pomoshchi-priglashaet-zhitelei-kolomny-proiti-skrining-na-rak-shchitovidnoi-zhelezy,,,,False,False,False
http://10.4.95.44/news/rak-pishevoda-tretej-stadii-izlechim-podmoskovnye-vrachi-uspeshno-proveli-kombinirovannoe-lechenie-pacienta-so-zlokachestvennym-obrazovaniem-pishevoda,,,,False,False,False
http://10.4.95.44/news/rak-grudi-pochemu-ne-stoit-otkladyvat-vizit-k-vrachu,,,,False,False,False
http://10.4.95.44/news/profilaktika-luchshe-lecheniia-pochemu-stoit-proveritsia-na-rak-grudi,,,,False,False,False
http://10.4.95.44/news/zhitelnic-kolomny-proverili-na-rak-shejki-matki,,,,False,False,False
http://10.4.95.44/news/stupinskie-vrachi-priglashayut-zhitelnic-projti-obsledovanie-na-rak-grudi,,,,False,False,False
http://10.4.95.44/news/12-sposobov-snizit-razvitie-raka,,,,False,False,False
http://10.4.95.44/news/centr-ambulatornoj-onkopomoshi-otkrylsya-v-mozhajske,,,,False,False,False
http://10.4.95.44/news/onkolikbez-rak-tolstoj-kishki,,,,False,False,False
http://10.4.95.44/news/profilaktika-raka-molochnoj-zhelezy,,,,False,False,False
http://10.4.95.44/news/centr-ambulatornoj-onkopomoshi-otkrylsya-v-orehovo-zuevo,,,,False,False,False
http://10.4.95.44/news/v-ramenskoj-bolnice-pacientke-udalili-kistu,,,,False,False,False
http://10.4.95.44/news/mesyachnik-profilaktiki-raka-molochnoj-zhelezy,,,,False,False,False
http://10.4.95.44/news/kak-perestat-boyatsya-diagnoz-rak-i-nastroitsya-na-lechenie,,,,False,False,False
http://10.4.95.44/news/vakcinaciya-pacientov-s-onkologicheskimi-zabolevaniyami,,,,False,False,False
http://10.4.95.44/news/novoe-oborudovanie-v-malodubenskoj-ambulatorii,,,,False,False,False
http://10.4.95.44/news/pacienty-budut-poluchat-pomosh-v-onkocentre-na-baze-lyubereckoj-oblastnoj-bolnicy,,,,False,False,False
http://10.4.95.44/news/zhitelej-kolomny-proverili-na-rak-kishechnika,,,,False,False,False
http://10.4.95.44/news/onkobolnyh-budut-lechit-v-novom-centre-ambulatornoj-onkopomoshi-v-sergievom-posade,,,,False,False,False
http://10.4.95.44/news/v-balashihe-pacientke-proveli-operaciyu-na-yaichnikah,,,,False,False,False
http://10.4.95.44/news/zhitelnicy-krasnogorska-proshli-mammografiyu,,,,False,False,False
http://10.4.95.44/news/gigantskuyu-opuhol-udalili-zarajskie-vrachi,,,,False,False,False
http://10.4.95.44/news/glavnyj-vrach-lyubereckoj-oblastnoj-bolnicy-rasskazal-ob-izmeneniyah-v-okazanii-onkopomoshi-v-okruge,,,,False,False,False
http://10.4.95.44/news/onkolog-otvetil-na-voprosy-o-rake-zheludka,,,,False,False,False
http://10.4.95.44/news/lechenie-himioterapiej-v-podmoskove,,,,False,False,False
http://10.4.95.44/news/pochemu-rak-grudi-i-rak-yaichnikov-imeyut-vysokie-pokazateli-smertnosti,,,,False,False,False
http://10.4.95.44/news/podmoskovnyj-vrach-rasskazal-o-pervyh-simptomah-onkozabolevaniya-pri-kotoryh-nuzhno-bit-trevogu,,,,False,False,False
http://10.4.95.44/news/novyj-kabinet-kompyuternoj-tomografii-zarabotal-v-korolevskoj-bolnice,,,,False,False,False
http://10.4.95.44/news/kt-diagnostika-stanet-dostupna-zhitelyam-dolgoprudnogo,,,,False,False,False
http://10.4.95.44/news/kolomenskie-vrachi-priglashayut-na-skrining,,,,False,False,False
http://10.4.95.44/news/pacient-iz-kryma-rasskazal-kak-ego-spasli-vrachi-iz-podmoskovya,,,,False,False,False
http://10.4.95.44/news/kabinet-kompyuternoj-tomografii-nachal-rabotat-v-domodedovo,,,,False,False,False
http://10.4.95.44/news/kak-okazyvayut-pomosh-v-ramenskom-1,,,,False,False,False
http://10.4.95.44/news/kolomenskie-onkologi-rasskazali-o-rabote-kabineta-diagnostiki-kozhi,,,,False,False,False
http://10.4.95.44/news/onlajn-test-na-risk-razvitiya-raka-polosti-rta,,,,False,False,False
http://10.4.95.44/news/podmoskovnye-vrachi-rasskazali-o-faktorah-kotorye-provociruyut-rak-polosti-rta,,,,False,False,False
http://10.4.95.44/news/podmoskovnye-onkologi-podelilis-opytom-lecheniya-raka,,,,False,False,False
http://10.4.95.44/news/kogda-nuzhno-prohodit-obsledovaniya,,,,False,False,False
http://10.4.95.44/news/novoe-oborudovanie-v-zarajskoj-bolnice-pozvolit-chashe-vyyavlyat-onkologiyu-na-rannej-stadii,,,,False,False,False
http://10.4.95.44/news/kabinet-kompyuternoj-tomografii-nachal-rabotu-v-dzerzhinskoj-bolnice,,,,False,False,False
http://10.4.95.44/news/onlajn-test-na-rak-gortani,,,,False,False,False
http://10.4.95.44/news/kabinet-kompyuternoj-tomografii-zarabotal-v-zarajskoj-bolnice,,,,False,False,False
http://10.4.95.44/news/novoe-oborudovanie-postupilo-v-mytishi,,,,False,False,False
http://10.4.95.44/news/skrining-na-rak-zheludka-v-lyubercah,,,,False,False,False
http://10.4.95.44/news/novoe-oborudovanie-postupit-v-bolnicy-podmoskovya,,,,False,False,False
http://10.4.95.44/news/simptomy-u-zhenshin-i-muzhchin-kotorye-dolzhny-nastorozhit,,,,False,False,False
http://10.4.95.44/news/dostupnaya-onkopomosh-v-odincovskoj-bolnice,,,,False,False,False
http://10.4.95.44/news/v-podmoskove-vrachi-smogut-provodit-maloinvazivnye-operacii,,,,False,False,False
http://10.4.95.44/news/zhitelnic-kolomny-proverili-na-rak-grudi,,,,False,False,False
http://10.4.95.44/news/vsyo-chto-nuzhno-znat-o-rake-grudi,,,,False,False,False
http://10.4.95.44/news/onlajn-test-na-risk-razvitiya-raka-tolstoj-kishki,,,,False,False,False
http://10.4.95.44/news/proveli-operatsiiu-v-bolnitse-rozanova-dvum-zhenshchinam,,,,False,False,False
http://10.4.95.44/news/skrining-na-rak-grudi-v-kolomne,,,,False,False,False
http://10.4.95.44/news/skrining-v-kolomne,,,,False,False,False
http://10.4.95.44/news/rannie-simptomy-onkozabolevanij,,,,False,False,False
http://10.4.95.44/news/sdelat-skrining-v-lyubereckoj-bolnice,,,,False,False,False
http://10.4.95.44/news/operacii-cherez-sosudy-v-onkodispansere,,,,False,False,False
http://10.4.95.44/news/skrining-v-kolomenskoj-bolnice,,,,False,False,False
http://10.4.95.44/news/operaciyu-proveli-v-odincovskoj-bolnice,,,,False,False,False
http://10.4.95.44/news/kak-predupredit-onkologicheskoe-zabolevanie,,,,False,False,False
http://10.4.95.44/news/23-iyulya-v-kolomenskoj-bolnice-mozhno-obsledovatsya-na-rak-shitovidnoj-zhelezy,,,,False,False,False
http://10.4.95.44/news/podmoskovnye-vrachi-rasskazali-k-chemu-privodit-nesvoevremennoe-obrashenie-k-ginekologu,,,,False,False,False
http://10.4.95.44/news/istoriya-spaseniya-pacienta-iz-ivanteevki,,,,False,False,False
http://10.4.95.44/news/onkoskrinig-v-kolomne,,,,False,False,False
http://10.4.95.44/news/kak-okazyvayut-onkologicheskuyu-pomosh-v-krasnogorske,,,,False,False,False
http://10.4.95.44/news/skrining-na-rak-predstatelnoj-zhelezy-v-kolomne,,,,False,False,False
http://10.4.95.44/news/kak-lechat-rak-v-moskovskom-oblastnom-onkodispansere,,,,False,False,False
http://10.4.95.44/news/onlajn-test-risk-razvitia-raka-molocnoj-zelezy,,,,False,False,False
http://10.4.95.44/news/centr-ambulatornoj-onkologiceskoj-pomosi-krasnogorsk,,,,False,False,False
http://10.4.95.44/news/onkolikbez-10-prostyh-voprosov-onkologu,,,,False,False,False
http://10.4.95.44/news/onlajn-test-risk-razvitia-raka-zeludka,,,,False,False,False
http://10.4.95.44/news/rannij-diagnoz-bystraya-pomoshch-v-lyubercah,,,,False,False,False
http://10.4.95.44/news/rak-mozet-nacat-sa-s-gastrita-simptomy,,,,False,False,False
http://10.4.95.44/news/centr-ambulatornoj-onkologiceskoj-pomosi-v-ramenskom,,,,False,False,False
http://10.4.95.44/news/medicinskij-proryv-vracej-iz-balasihi,,,,False,False,False
http://10.4.95.44/news/onlajn-test-risk-razvitia-raka-predstatel-noj-zelezy,,,,False,False,False
http://10.4.95.44/news/28-iuna-v-kolomenskoj-bol-nice-obsledonie-rak-sitovidnoj-zelezy,,,,False,False,False
http://10.4.95.44/news/riski-razvitia-raka-sitovidnoj-zelezy,,,,False,False,False
http://10.4.95.44/news/170-organosohrannyh-operacij-pri-lecenii-raka-grudi-proveli-v-mood,,,,False,False,False
http://10.4.95.44/news/prizvanie-v-tom-ctoby-pomogat-pacientam-istoria-dinastii-vracej-iz-balasihi,,,,False,False,False
http://10.4.95.44/news/onlajn-test-na-risk-razvitia-raka-legkogo,,,,False,False,False
http://10.4.95.44/news/tysaci-zensin-prosli-skrining-raka-molocnoj-zelezy-v-taldome,,,,False,False,False
http://10.4.95.44/news/onlajn-test-na-risk-razvitia-melanomy,,,,False,False,False
http://10.4.95.44/news/o-faktorah-provociruusih-rak-polosti-rta,,,,False,False,False
http://10.4.95.44/news/den-donora-v-moskovskom-oblastnom-onkologiceskom-dispansere,,,,False,False,False
http://10.4.95.44/news/konferencia-onkologov-podmoskov-a-ob-edinila-vracej-so-vsej-rossii,,,,False,False,False
http://10.4.95.44/news/oborudovanie-dla-diagnostiki-onkozabolevanij-zakupili-v-podmoskovnye-bol-nicy,,,,False,False,False
http://10.4.95.44/news/bolee-800-pacientov-i-obsledovanie-za-8-dnej-caop-v-lubercah,,,,False,False,False
http://10.4.95.44/news/den-diagnostiki-melanomy-prosel-v-podmoskov-e,,,,False,False,False
http://10.4.95.44/news/skrining-raka-tolstogo-kisecnika-v-kolomne,,,,False,False,False
http://10.4.95.44/news/kak-koronavirus-povlial-na-vyavlaemost-raka-legkogo,,,,False,False,False
http://10.4.95.44/news/ostrye-voprosy-v-lecenii-raka-onkologi-moskovskoj-oblasti,,,,False,False,False
http://10.4.95.44/news/novyj-sposob-lecenia-raka-aicnikov-zapatentovali-podmoskovnye-vraci,,,,False,False,False
http://10.4.95.44/news/melanoma-cem-opasna-i-pri-cem-tut-manikur,,,,False,False,False
http://10.4.95.44/news/podmoskovnye-vraci-udalili-pacientke-trehkilogrammovuu-opuhol,,,,False,False,False
http://10.4.95.44/news/pobedit-rak-i-rodit-rebenka-s-diagnozom-rak-sejki-matki,,,,False,False,False
http://10.4.95.44/news/vraci-v-kolomne-vpervye-proveli-onkoplastiku-pri-lecenii-raka-grudi,,,,False,False,False
http://10.4.95.44/news/pacienta-s-covid-19-i-onkologiej-spasli-podmoskovnye-vraci,,,,False,False,False
http://10.4.95.44/news/podmoskovnye-onkologi-spasli-pacienta-s-rakom-azyka,,,,False,False,False
http://10.4.95.44/news/podmoskovnye-vraci-prinali-rody-u-zensiny-s-koronavirusom-onkologiej-i-soputstvuusimi-zabolevaniami,,,,False,False,False
http://10.4.95.44/news/centr-ambulatornoj-onkologiceskoj-pomosi-pacientam-otkrylsa-v-lubercah,,,,False,False,False
http://10.4.95.44/news/v-moskovskom-oblastnom-onkodispansere-nacali-provodit-obsledovanie-pacientov-v-medikamentoznom-sne,,,,False,False,False
http://10.4.95.44/news/30-santimetrovuu-opuhol-v-legkom-udalili-pacientke-vraci-oblastnogo-onkodispansera,,,,False,False,False
http://10.4.95.44/news/sloznuu-operaciu-po-udaleniu-opuholi-proveli-podmoskovnye-onkologi,,,,False,False,False
http://10.4.95.44/news/isklyuchi-razvitie-kolorektalnogo-raka,,,,False,False,False
http://10.4.95.44/news/podmoskovnye-ucenye-pridumali-kak-povysit-effektivnost-bor-by-s-onkologiej,,,,False,False,False
http://10.4.95.44/news/novoe-oborudovanie-onkologiceskogo-profila-postupilo-v-ramenskuu-bol-nicu,,,,False,False,False
http://10.4.95.44/news/bolee-300-edinic-medoborudovania-dla-lecenia-onkologii-zakupili-v-podmoskov-e-v-2020-godu,,,,False,False,False
http://10.4.95.44/news/vraci-moniiag-pomogli-rodit-zdorovogo-rebenka-pacientke-s-rakom-sitovidnoj-zelezy,,,,False,False,False
http://10.4.95.44/news/vraci-moskovskogo-oblastnogo-onkodispansera-polucili-mezdunarodnyj-sertifikat-professional-nogo-masterstva,,,,False,False,False
http://10.4.95.44/news/ramenskie-vraci-proveli-operaciu-l-uisa-pacientu-s-rakom-pisevoda,,,,False,False,False
http://10.4.95.44/news/podmoskovnye-vraci-proveli-unikal-nuu-onkologiceskuu-operaciu,,,,False,False,False
http://10.4.95.44/news/smertnost-ot-onkozabolevanij-snizilas-pocti-na-10-v-moskovskoj-oblasti-s-nacala-goda,,,,False,False,False
http://10.4.95.44/news/svoevremennaa-diagnostika-pomogla-spasti-zizn-pacientu-s-onkologiej,,,,False,False,False
http://10.4.95.44/news/vysokotehnologicnoe-udalenie-novoobrazovanij-stalo-dostupno-dla-zitelej-mozajska,,,,False,False,False
http://10.4.95.44/news/mediki-podmoskovnogo-klina-proveli-vysokotehnologicnuu-i-maloinvazivnuu-operaciu-pacientu-s-redkoj-patologiej,,,,False,False,False
http://10.4.95.44/news/ramenskie-vraci-spasli-zizn-pacientke-s-rakom-zeludka,,,,False,False,False
http://10.4.95.44/news/kriostat-iz-onkotsentra-v-balashikhe-uzhe-pomog-bolee-tysiachi-patsientov,,,,False,False,False
http://10.4.95.44/news/v-stupine-zensine-udalili-5-kilogrammovuu-zlokacestvennuu-opuhol,,,,False,False,False
http://10.4.95.44/news/novoe-oborudovanie-dla-rannej-diagnostiki-koznyh-zabolevanij-postupilo-v-bol-nicu-v-lubercah,,,,False,False,False
http://10.4.95.44/news/zabolevaemost-rakom-molocnoj-zelezy-v-moskovskoj-oblasti-neuklonno-snizaetsa,,,,False,False,False
http://10.4.95.44/news/sovety-vracej-mery-profilaktiki-raka,,,,False,False,False
http://10.4.95.44/news/ziteli-krasnogorska-smogut-projti-rentgen-diagnostiku-na-novom-oborudovanii,,,,False,False,False
http://10.4.95.44/news/podmoskovnyj-onkolog-rasskazal-o-pervyh-priznakah-raka-kozi,,,,False,False,False
http://10.4.95.44/news/pacientov-s-onkologiej-v-podmoskov-e-nacali-lecit-s-pomos-u-sovremennoj-fotodinamiceskoj-terapii,,,,False,False,False
http://10.4.95.44/news/stupinskie-vraci-uspesno-prooperirovali-pacientku-s-mul-tisistemnoj-onkologiej,,,,False,False,False
http://10.4.95.44/news/novoe-oborudovanie-v-bol-nice-krasnogorska-pozvolaet-vyavit-onkologiu-na-rannej-stadii,,,,False,False,False
http://10.4.95.44/news/stupinskie-vraci-raspoznali-u-pacientki-trudno-diagnostiruemuu-patologiu-mozga,,,,False,False,False
http://10.4.95.44/news/podmoskovnye-onkologi-rasskazali-cto-vliaet-na-uspesnost-lecenia-raka,,,,False,False,False
http://10.4.95.44/news/novoe-diagnosticeskoe-medoborudovanie-v-voskresenske-pozvolit-vyavit-onkologiu-reproduktivnoj-sistemy-na-rannej-stadii,,,,False,False,False
http://10.4.95.44/news/onkologi-podmoskov-a-porekomendovali-zitelam-regularno-obsledovat-sa-na-melanomu,,,,False,False,False
http://10.4.95.44/news/gubernator-prinal-ucastie-v-sovesanii-pod-rukovodstvom-prem-er-ministra-po-razvitiu-onkocentrov,,,,False,False,False
http://10.4.95.44/news/podmoskovnye-ucenye-mediki-razrabotali-novyj-metod-dla-bor-by-s-limfomoj,,,,False,False,False
http://10.4.95.44/library/pdf,pdf 11,Описание слайдера,,True,True,False
http://10.4.95.44/library/azbuka_zdorovya_vse_o_pozvonochnike_i_sustavah_ot_a_do_ya,Азбука здоровья. Все о позвоночнике и суставах от А до Я,"Данное издание очень поможет тем, кто все-таки хочет вырваться из пут болезни!",,True,True,False
http://10.4.95.44/library/audiozapis_videokonferentsii_o_problemah_pitaniya_detei_dosh,Аудиозапись видеоконференции о проблемах питания детей дошкольного возраста,ОписаниеОписаниеОписаниеОпи,,True,True,False
http://10.4.95.44/library/bolee-20-000-vzroslyh-prolechili-za-god-v-moskovskom-oblastnom-onkologicheskom-dispansere,Более 20 000 взрослых пролечили за год в Московском областном онкологическом дис,Найти опухоль на ранней стадии поможет инновационное оборудование. Именно такое есть в Московском областном онкологическом диспансере.Для диагностики онкологических патологий пациентам делают ультразвуковое исследование. Эта процедура помогает найти опух,,True,True,False
http://10.4.95.44/library/vaktsinatsiya-onkobolnykh,Вакцинация онкобольных,"Можно ли вакцинироваться пациентам с онкологическими заболеваниями, и насколько безопасна процедура? На эти и не только вопросы отвечает главный внештатный специалист по онкологии Министерства здравоохранения Московской области Андрей Костин.",,True,True,False
http://10.4.95.44/library/vaktsinatsiya-onkobolnykh-ot-covid-19-za-ili-protiv,Вакцинация онкобольных от COVID-19: за или против?,"Можно ли вакцинироваться от коронавируса онкобольным? Какие противопоказания есть? И не опасно ли прерывать лечение на время вакцинации? Расскажет заслуженный врач России, доктор медицинских наук, профессор Константин Лядов.",,True,True,False
http://10.4.95.44/library/vaktsinatsiya-pozhilykh-lyudei,Вакцинация пожилых людей,"По словам врачей, риск заболеть коронавирусом с тяжёлыми последствиями у людей старшего возраста существенно выше, чем у молодых.",,True,True,False
http://10.4.95.44/library/velikij-hirurg-i-nastavnik-pamyatnik-svyatitelyu-luke-otkryli-v-balashihe,Великий хирург и наставник: памятник святителю Луке открыли в Балашихе,"Хирург, писатель, учёный, религиозный служитель &mdash; всё это о нём. Святитель Лука, Валентин Феликсович Войно-Ясенецкий, спас тысячи жизней. Точного числа его пациентов назвать не могут до сих пор.&nbsp; Степень доктора медицины врач получил за диссер",,True,True,False
http://10.4.95.44/library/video_fragment,Видео фрагмент,Описание,,True,True,False
http://10.4.95.44/library/v-lyubertsakh-proshla-konferentsiya-dlya-vrachei,В Люберцах прошла конференция для врачей,"В Люберецкой областной больнице прошла конференция-обучение на раннее выявление меланомы. Онкологам, хирургам и дерматологам рассказали, как ведёт себя новообразование на начальных стадиях, как правильно работать с &nbsp;дерматоскопом и в чём &nbsp;преим",,True,True,False
http://10.4.95.44/library/v-lyubertsakh-rabotayet-mammologicheskii-tsentr,В Люберцах работает маммологический центр,"Недавно на базе Люберецкой областной больницы начал работу маммологический центр &ndash; первый в Московской области. Жительницы Подмосковья могут получить направление на консультацию или обследование у терапевта, гинеколога, хирурга или эндокринолога.",,True,True,False
http://10.4.95.44/library/volontery-mediki-proverili-zdorove-rabotnikov-pochty-rossii,волонтеры медики проверили здоровье работников почты россии,"На этот раз проверить своё здоровье смогли сотрудники &laquo;Почты России&raquo;. Специалисты не только обследовали работников, но развеяли самые распространённые заблуждения о раке, провели интерактивный профилактический лекторий.",,True,True,False
http://10.4.95.44/library/vrachebnaya-dinastiya-shveikinykh,Врачебная династия Швейкиных,"С детства я ходил с мамой на приём и смотрел, как она работает. Заведующий онкологическим отделением &laquo;Коломенской центральной районной больницы&raquo; Андрей Швейкин стал врачом по совету родителей. О своей медицинской династии специалист рассказал",,True,True,False
http://10.4.95.44/library/vrach-rasskazala-o-lekarstvennom-protivoopukholevom-lechenii,Врач рассказала о лекарственном противоопухолевом лечении,"Что такое комплексное лечение, какие группы лекарственных препаратов существуют в онкологии, в чём разница между оригинальными препаратами, дженериками и биоподобными лекарствами, рассказала подробно в видеоролике Татьяна Семиглазова, врач-онколог.",,True,True,False
http://10.4.95.44/library/vrach-rasskazala-pro-effektivnoye-lecheniye-opukholei,Врач рассказала про эффективное лечение опухолей,"Узнать природу опухоли очень важно. Именно от этого зависит успех в лечении. В новом видео цикла &laquo;Часто задаваемые вопросы пациентов&raquo; доктор медицинских наук, профессор Рашида Орлова рассказала о факторах, которые влияют на борьбу с онкологие",,True,True,False
http://10.4.95.44/library/vrach-rasskazal-o-vozmozhnostyakh-diagnostiki-opukholei-golovy-i-shei-v-podmoskove,врач рассказал о возможностях диагностики опухолей головы и шеи в Подмосковье,"Как вовремя заметить тревожные симптомы и какие методы диагностики сегодня доступны подмосковным пациентам, рассказал заведующий отделением опухолей головы и шеи МОНИКИ им. М.Ф. Владимирского Валентин Васильев в интервью телеканалу «360».",,True,True,False
http://10.4.95.44/library/vrach-rasskazal-o-sovremennykh-operatsiyakh-onkologii-golovnogo-mozga,Врач рассказал о современных операциях онкологии головного мозга,"О выборе профессии, работе и судьбе рассказал руководитель отделения нейрохирургии ГБУЗ МО МОНИКИ им. М.Ф. Владимирского Реваз Джинджихадзе в программе &laquo;Кто нас спасёт?&raquo; на телеканале 360.",,True,True,False
http://10.4.95.44/library/vsemirnyi-den-borby-s-onkologiyei-otmechayut-segodnya,Всемирный день борьбы с онкологией отмечают сегодня,В Подмосковье для борьбы с заболеванием работают Центры амбулаторной онкологической помощи. Для ранней диагностики и выявления рака в медицинских учреждениях проводят диспансеризации и Дни открытых дверей.,,True,True,False
http://10.4.95.44/library/glavnaya-kniga-o-zdorove,Главная книга о здоровье,Опираясь на опыт врача-практика Л.Виилма не только раскрывает суть своего учения о самопомощи через принятие,,True,True,False
http://10.4.95.44/library/den-muzhskogo-zdorovya,День мужского здоровья,"По данным Всемирной организации здравоохранения, отмечается рост случаев обнаружения первичного рака предстательной железы. В нашей стране эта злокачественная опухоль входит в пятёрку среди онкологических заболеваний, выявленных во время медосмотров.",,True,True,False
http://10.4.95.44/library/det-skoye-onkologicheskoye-khirurgicheskoye -otdeleniye,,,,False,False,False
http://10.4.95.44/library/dispanserizatsiya-po-novoi-modeli-budet-v-bolnitsakh-podmoskovya,Диспансеризация по новой модели будет в больницах Подмосковья.,Профилактические медицинские осмотры помогают своевременно обнаружить заболевание. Диспансеризацию жителей региона обсудили на совещании губернатора Московской области Андрея Воробьёва с представителями областного правительства и главами городских округо,,True,True,False
http://10.4.95.44/library/dlya-zhitelei-balashikhi-proveli-aktsiyu-po-otkazu-ot-kureniya,Для жителей Балашихи провели акцию по отказу от курения.,Жителей Балашихи призвали отказаться от курения.,,True,True,False
http://10.4.95.44/library/dni-otkrytykh-dverei-v-podmoskove,Дни открытых дверей в подмосковье,В ноябре в подмосковных клиниках можно было пройти &nbsp;бесплатные медицинские осмотры на выявление ранних онкологических заболеваний. Дни открытых дверей проходили сразу в нескольких городах региона.,,True,True,False
http://10.4.95.44/library/zhivaya_psihologiya_prostie_shagi_navstrechu_k_sebe,Живая психология: простые шаги навстречу к себе,"Еще в древние времена великие умы говорили, что в человеке скрывается целый мир",,True,True,False
http://10.4.95.44/library/zhitelnits-krasnogorska-obsledovali-na-rak-molochnoi-zhelezy,Жительниц красногорска обследовали на рак молочной железы,День открытых дверей прошёл в Красногорской больнице. Жительниц обследовали на рак молочной железы и прочитали лекцию о женском здоровье.,,True,True,False
http://10.4.95.44/library/zhitelnits-ramenskogo-obsledovali-na-rak-molochnoi-zhelezy,Жительниц раменского обследовали на рак молочной железы,"Как часто нужно посещать гинеколога, и какие обследования необходимо проходить женщинам? А ещё почему диспансеризация считается хорошим тоном &ndash; на эти и не только вопросы ответы в репортаже РТВ.",,True,True,False
http://10.4.95.44/library/zhitelnitsy-moskovskoi-oblasti-mogut-samostoyatelno-zapisat-sya-na-mammografiyu,Жительницы Московской области могут самостоятельно записаться на маммографию,"Онкология молочных желёз остаётся лидером среди болезней женского населения. Особенно уязвимы люди старшего возраста. Врачи рекомендуют женщинам после 40 лет раз в два года делать маммографию. В Московской области запущен пилотный проект, и теперь записа",,True,True,False
http://10.4.95.44/library/zdorove_rebenka_i_zdravii_smisl_ego_rodstvennikov,Здоровье ребенка и здравый смысл его родственников,Автор Комаровский является признанным автором в детской педиатрии.,,True,True,False
http://10.4.95.44/library/zdorove_cherez_stopi,Здоровье через стопы,Изучите более 66 отзывов о творчестве автора и начните читать или слушать книги Сергея Бубновского,,True,True,False
http://10.4.95.44/library/intervyu-vracha-onkologa-o-rake-kozhi-i-molochnoi-zheleze,Интервью врача онколога о раке кожи и молочной железе,Почему женщины отказываются проходить лечение с диагнозом рак молочной железы и может ли привести маммопластика к рецидиву?,,True,True,False
http://10.4.95.44/library/intervyu-s-zaveduyushchei-patologoanatomicheskim-otdeleniyem-ramenskoi-oblastnoi-bolnitsy-lyudmiloi-trefilovoi,Интервью с заведующей патологоанатомическим отделением Раменской областной больн,Заведующая патологоанатомическим отделением Раменской областной больницы Людмила Трефилова рассказала об особенностях опухолевых тканей.,,True,True,False
http://10.4.95.44/library/itogi-onkodiagnostiki-v-domodedove-u-pochti-40-uchastnikov-zapodozrili,итоги онкодиагностики в Домодедове у почти 40 участников заподозрили,Масштабная акция по онконастороженности прошла в минувшую субботу в парке &laquo;Ёлочки&raquo;.,,True,True,False
http://10.4.95.44/library/kakiye-voprosy-zadat-vrachu-onkologu-pered-nachalom-lecheniya,Какие вопросы задать врачу-онкологу перед началом лечения,"Очень часто пациенты с онкологическим диагнозом теряются и сильно волнуются в кабинете врача, особенно, когда назначается противоопухолевая лекарственная терапия.",,True,True,False
http://10.4.95.44/library/kak-koronavirus-povliyal-na-rabotu-onkosluzhby-v-podmoskove,как коронавирус повлиял на работу онкослужбы в подмосковье,Почему важно проходить регулярно медицинские осмотры и как выглядит маршрут пациента с онкологическим заболеванием в Московской области?,,True,True,False
http://10.4.95.44/library/kak-podderzhat-organizm-vo-vremya-lecheniya,Как поддержать организм во время лечения,Часто после постановки онкологического диагноза привычный образ жизни пациента рушится.,,True,True,False
http://10.4.95.44/library/kak-ponyat-chto-pora-k-onkologu,"Как понять, что пора к онкологу","Развитие раковой опухоли можно определить по ряду тревожных симптомов, которые нельзя игнорировать и стоит незамедлительно обратиться к специалисту. Врач-онколог Иван Карасёв рассказал, какие неполадки в организме должны насторожить.&nbsp; &nbsp;",,True,True,False
http://10.4.95.44/library/klinicheskiye-ispytaniya-v-onkologii,Клинические испытания в онкологии,"В новом выпуске цикла роликов: «Часто задаваемые вопросы пациентов» онколог рассказал, как проводятся клинические испытания и стоит ли больным соглашаться на такой эксперимент?",,True,True,False
http://10.4.95.44/library/knigi_o_vazhnom,Книги о важном,Описание,,True,True,False
http://10.4.95.44/library/konferentsiya-vrachei-onkologov,конференция врачей-онкологов,Передовые методы борьбы с онкологическими заболеваниями обсудили подмосковные врачи-онкологи на региональной конференции &laquo;Современные аспекты лечения злокачественных новообразований&raquo;.,,True,True,False
http://10.4.95.44/library/k_sebe_nezhno_kniga_o_tom_kak_tsenit_i_berech_sebya_video_s_,"К себе нежно. Книга о том, как ценить и беречь себя (Видео с заглушкой, есть фот","Необязательно быть удобной для всех, соглашаться на работу, от которой внутри дискомфортно, или страдать от того, что испытываешь «не те» эмоции. Жить с уважением к чувствам и выбирать свой путь – это нормально.",,True,True,False
http://10.4.95.44/library/lecheniye-zhenskikh-i-muzhskikh-onkozabolevanii-obsudili-vrachi,лечение женских и мужских онкозаболеваний обсудили врачи,"Каждый год научно-практические конференции позволяют врачам-онкологам решить актуальные вопросы, обменяться ценным опытом и озвучить существующие проблемы онкологической службы.",,True,True,False
http://10.4.95.44/library/lecheniye-onkopatsiyentov-v-moskovskoi-oblasti,Лечение онкопациентов в московской области,Международный онкологический центр в Коломне работает больше года. Почему он носит статус &laquo;междунардного&raquo; и придётся ли платить за лечение?,,True,True,False
http://10.4.95.44/library/malenkikh-patsiyentov-mood-pozdravili-s-dnem-zashchity-detei,маленьких пациентов моод поздравили с днем защиты детей,Подарок из рук любимых супергероев получили маленькие пациенты Московского областного онкологического диспансера. Так в Международный день защиты детей решили поднять настроение малышам и их родителям волонтёры.,,True,True,False
http://10.4.95.44/library/mammologicheskii-tsentr-v-lyubertsakh-prinyal-boleye-700-patsiyentok,Маммологический центр в люберцах принял более 700 пациенток,Широкий спектр обследований и многие виды медицинских услуг при подозрении на рак молочной железы стали доступнее жительницам Московской области.&nbsp;Вот уже месяц на базе Люберецкой областной больницы работает первый в Московской области маммологически,,True,True,False
http://10.4.95.44/library/molekulyarno-geneticheskiye-issledovaniya-onkologii,Молекулярно-генетические исследования онкологии,В новом выпуске цикла видео: «Часто задаваемые вопросы пациентов» доктора медицинских наук Евгений Имянитов и Григорий Раскин рассказали о персонализированном подходе в диагностике онкологии. Что такое иммуногистохимическая и молекулярно-генетическая диа,,True,True,False
http://10.4.95.44/library/obsledovaniye-molochnoi-zhelezy,обследование молочной железы,"Онкология молочных желёз занимает первое место среди всех онкологических заболеваний. Он поражает ежегодно больше двух миллионов женщин во всём мире и свыше 66 тысяч в России. Заболевание передаётся по наследству, но гормональные сбои, ранняя менструация",,True,True,False
http://10.4.95.44/library/obsledovaniya-na-rak-kozhi,Обследования на рак кожи,"Свыше 30 пациентов проверили состояние кожи на предмет онкологии в ходе Дня открытых дверей. Как проходил скрининг в Центре амбулаторной онкологической помощи Раменской областной больницы, смотрите в репортаже телеканала РТВ.",,True,True,False
http://10.4.95.44/library/odintsovskii-tsentr-onkopomoshchi,Одинцовский центр онкопомощи,"Одинцовская областная больница &ndash; одна из передовых в Московской области по оказанию онкологической помощи. Обратиться к специалистам могут не только местные жители Одинцовского округа, но и жители Подмосковья.",,True,True,False
http://10.4.95.44/library/onkologicheskaya-pomoshch-v-moskovskoi-oblasti,Онкологическая помощь в московской области,Где появятся новые Центры амбулаторной онкопомощи в Московской области и будут ли проводиться профилактические осмотры в клиниках региона на раннее выявление рака.,,True,True,False
http://10.4.95.44/library/onkolog_nazval_prichini_raka_podzheludochnoi_zhelezi,Онколог назвал причины рака поджелудочной железы111,zdfbzdfbdfb11111,ТЕСТ БИБЛИОТЕКА,True,True,True
http://10.4.95.44/library/onkolog-razoblachil-samyye-rasprostranennyye-mify-o-rake,Онколог разоблачил самые распространённые мифы о раке,"Любое заболевание сопровождается множеством обывательских мифов. И чем недуг серьёзнее, тем больше вокруг него появляется вымыслов. Один из самых распространённых &mdash; рак заразен.",,True,True,False
http://10.4.95.44/library/onkolog-rasskazala-kak-obsledovat-sya-na-rak-molochnoi-zhelezy,"Онколог рассказала, как обследоваться на рак молочной железы",Онкология молочной железы лидирует среди женских злокачественных патологий. Ежегодные скрининги и обследования снижают вероятность опасного недуга. Больно и опасно ли делать маммографию? Как проверить себя дома? Изменилось ли лечение онкологии молочной ж,,True,True,False
http://10.4.95.44/library/onkolog-rasskazal-kak-vovremya-raspoznat-kolorektalnyi-rak,онколог рассказал как вовремя распознать колоректальный рак,"Вероятность рака толстой кишки прогрессивно возрастает при хронических запорах, заболеваниях кишечника, длительном курении и злоупотреблении алкоголем.",,True,True,False
http://10.4.95.44/library/onkolog-rasskazal-ob-operatsiyakh-v-volokolamske,Онколог рассказал об операциях в Волоколамске,"Героем выпуска программы &laquo;Кто нас спасёт&raquo; на телеканале &laquo;360&raquo; стал заведующий хирургическим отделением ГБУЗ МО &laquo;Волоколамская центральная районная больница&raquo; Андрей Лысенко. Он специализируется на патологиях желудка, ки",,True,True,False
http://10.4.95.44/library/onkolog-rasskazal-o-borbe-s-metastazami-pri-rake-yaichnikov,Онколог рассказал о борьбе с метастазами при раке яичников,"Уникальную методику удаления метастазов используют в Московском областном онкологическом диспансере. Внутрибрюшная аэрозольная химиотерапия под давлением эффективно борется с раковыми клетками, глубоко проникает в поражённую ткань. Также инновационный сп",,True,True,False
http://10.4.95.44/library/onkolog-timur-ibragimov-rasskazal-o-vrachebnoi-dinastii,Онколог Тимур Ибрагимов рассказал о врачебной династии,Медицинская династия Ибрагимовых началась с Фании Абдуловны. Вот уже 55 лет она работает врачом-эпидемиологом. В этом году специалист отметит 80-летний юбилей и продолжает при этом спасать человеческие жизни. Любить пациентов и помогать им в трудную мину,,True,True,False
http://10.4.95.44/library/onkopomoshch-v-podmoskove,Онкопомощь в Подмосковье,"Во Всемирный День борьбы с онкологическими заболеваниями главный врач медицинского центра, доктор медицинских наук Владимир Асташов рассказал, как вовремя обнаружить недуг, куда обратиться за помощью и где начать лечение.&nbsp; Подробнее о этом смотрите",,True,True,False
http://10.4.95.44/library/onlain-konsultatsiya-vracha-dostupna-onkopatsiyentam,онлайн-консультация врача доступна онкопациентам,"Пациентам с онкологическим диагнозом важно быть в контакте со своим врачом, причём не только в процессе лечения, но и после его завершения.",,True,True,False
http://10.4.95.44/library/opuhol-s-simptomami-appendicita-podmoskovnye-vrachi-spasli-molodogo-pacienta,Опухоль с симптомами аппендицита: Подмосковные врачи спасли молодого пациента,"Острая боль справа в животе, высокая температура, тошнота и рвота. По всем этим симптомам врачи предполагали, что у молодого пациента 34-х лет аппендицит. Но во время обследования специалисты Бронницкой городской больницы обнаружили новообразование и экс",,True,True,False
http://10.4.95.44/library/otdeleniye-v-rentgenokhirurgicheskikh-metodov-diagnostiki-v-mood,Отделение в рентгенохирургических методов диагностики в МООД,Отделение рентгенохирургических методов диагностики появилось в Московском областном онкологическом диспансере два года назад. Как создавалось отделение? В чём его основные преимущества? Об этом в интервью телеканалу «360» рассказал заведующий Алексей За,,True,True,False
http://10.4.95.44/library/patsiyentka-rasskazala-o-borbe-s-onkologiyei-kishechnika,Пациентка рассказала о борьбе с онкологией кишечника,Проблемы с кишечником заставили 41-летнюю женщину обратиться к врачу. После обследования обнаружили онкологию и кишечную непроходимость. Тогда решили сделать лапароскопическую операцию.,,True,True,False
http://10.4.95.44/library/patsiyentov-stomatologii-osmotryat-na-predmet-raka-polosti-rat,пациентов стоматологий осмотрят на предмет рака полости рта,"Как и другие виды онкологии, рак полости рта долгое время протекает бессимптомно. Часто заболевание обнаруживают на поздних стадиях.",,True,True,False
http://10.4.95.44/library/plasticheskiye-operatsii-posle-onkologii-grudi-delayut-v-podmoskove,Пластические операции после онкологии груди делают в Подмосковье,"В Московском областном онкологическом диспансере ежегодно выполняют около 100 реконструктивно-пластических операций на молочной железе. Хирурги используют инновационные методы, которые помогают женщинам восстановить красоту.",,True,True,False
http://10.4.95.44/library/polnostyu-pobedit-rak-pomogut-v-klinikakh-podmoskovya,полностью победить рак помогут в клиниках Подмосковья,В Московской области ежегодно диагностируют онкозаболевание у порядка 22 000 человек. Из них 39% узнают о злокачественной опухоли только на поздних стадиях.,,True,True,False
http://10.4.95.44/library/prestuplenie_i_nakazanie,Преступление и наказание,Федор Достоевский русский классик,,True,True,False
http://10.4.95.44/library/printsipi_zhizn_i_rabota,Принципы. Жизнь и работа,"Все правила жизни и работы американского миллиардера вы найдете в этой книге. Вполне возможно, что после ее прочтения ваша жизнь уже не будет прежней.",,True,True,False
http://10.4.95.44/library/prover-svoi-legkiye-proidi-chek-ap,проверь свои легкие пройди чек ап,Рак лёгких&nbsp;&mdash; одно из самых распространённых онкологических заболеваний. В России заядлые курильщики в основном мужчины&nbsp;&mdash; каждый второй&nbsp;&mdash; любитель &laquo;подымить&raquo;.,,True,True,False
http://10.4.95.44/library/prover-svoyu-kozhu-na-melanomu,проверь свою кожу на меланому,"Меланома считается самой агрессивной разновидностью злокачественных опухолей кожи. Ежегодно в Росси выявляют больше 10 тысяч новых случаев. Это новообразование легко спутать с обычной родинкой. Особенно подвержены люди со светлой кожей, любители загорать",,True,True,False
http://10.4.95.44/library/pryamoi-efir-s-vrachom-onkologom,Прямой эфир с врачом-онкологом.,Задать вопрос онкологу можно будет в этот четверг 2 декабря в 15:00. Прямой эфир пройдёт на платформах официального портала об онкологической помощи Минздрава Московской области &ndash; в Инстаграмм-аккаунте и Ютуб.,,True,True,False
http://10.4.95.44/library/rak-boit-sya-smelykh-profosmotry-pomogut-obnaruzhit-onkozabolevaniye-vovremya,Рак боится смелых: профосмотры помогут обнаружить онкозаболевание вовремя,Улучшить качество медицинской помощи и снизить смертность жителей России &mdash; главные направления национального проекта &laquo;Здравоохранение&raquo;. И особое внимание уделяется борьбе с онкологическими заболеваниями.,,True,True,False
http://10.4.95.44/library/reportazh-medicinskij-proryv-vrachej-iz-balashihi,Репортаж: Медицинский прорыв врачей из Балашихи,Коллектив российских онкологов официально зарегистрировал патент на новый способ лечения рака яичников.,,True,True,False
http://10.4.95.44/library/robot-s-iskusstvennym-intellektom-obuchit-na-baze-moniki-vrachei,робот с искусственным интеллектом обучит на базе моники врачей,"Улыбается, грустит, удивляется, злится, моргает и поддерживает зрительный контакт — с таким спектром разнообразных человеческих эмоций поступил робот в Московский областной научно-исследовательский клинический институт имени М.Ф. Владимирского.",,True,True,False
http://10.4.95.44/library/rukovoditel-mood-prazdnuyet-yubilei,Руководитель МООД празднует юбилей,"На протяжении 6 лет Владимир Асташов возглавляет Московский областной онкологический диспансер. За это время больница стала медицинским учреждением федерального уровня, в котором используют инновационные метода лечения рака. 29 мая Владимиру Леонидовичу",,True,True,False
http://10.4.95.44/library/sdelai-shag-dlya-preduprezhdeniya-melanomy,сделай шаг для предупреждения меланомы,"Самые частые образования на коже — это невусы и родинки. По словам онкологов, именно под них может маскироваться самая агрессивная разновидность опухолей кожи — меланома.",,True,True,False
http://10.4.95.44/library/sdelai-shag-dlya-preduprezhdeniya-raka-legkogo,сделай шаг для предупреждения рака лёгкого,На сегодняшний день рак лёгкого находится на первом месте по смертности в мире среди всех онкологических патологий и на третьем по заболеваемости этим видом рака среди населения России.,,True,True,False
http://10.4.95.44/library/serdtse-tozhe-uyazvimo-vrach-rasskazal-pro-onkopatologii-organa,Сердце тоже уязвимо: врач рассказал про онкопатологии органа,"Сердце, как и другие органы, подвержено онкологии. Первичные новообразования возникают здесь редко, а вот метастазы от других опухолей встречаются очень часто. Заведующий кардиологическим отделением &laquo;Московского областного научно-исследовательского",,True,True,False
http://10.4.95.44/library/simptomy-onkologii-neba,Симптомы онкологии нёба,"Курение и злоупотребление алкоголем, работа на химических предприятиях могут стать причиной ещё одной злокачественной патологии. Опухоль мягкого нёба проявляется незаживающими кровоточащими язвочками во рту, неприятным запахом, изменением голоса. О серьё",,True,True,False
http://10.4.95.44/library/sovremennyj-mammograf-pomozhet-bezboleznenno-najti-opuhol,Современный маммограф поможет безболезненно найти опухоль,Онкология молочной железы лидирует среди женских злокачественных патологий. Ежегодные скрининги и обследования снижают вероятность опасного недуга. Больно и опасно ли делать маммографию? Как проверить себя дома? Изменилось ли лечение онкологии молочной ж,,True,True,False
http://10.4.95.44/library/spetsialisty-moskovskogo-oblastnogo-onkologicheskogo-dispansera-rasskazali-o-diagnostika-raka,,,,False,False,False
http://10.4.95.44/library/test1276153,Тест1276153,тест,,True,True,False
http://10.4.95.44/library/testovaya_biblioteka_dlya_testa,Тестовая библиотека для теста,Обучающее видео для обучения,,True,True,False
http://10.4.95.44/library/testovaya_galereya,Тестовая галерея (изменение и сохранение),Галерея общего вида ( измененное и сохраненное),,True,True,False
http://10.4.95.44/library/testovii_element_bibilioteki,Тестовый элемент бибилиотеки,Описание тестового элемента библиотеки,,True,True,False
http://10.4.95.44/library/trevozhnie_lyu,Тревожные люди,"Однажды утром некий отчаявшийся мужчина средних лет, вооруженный пистолетом, решил ограбить банк, но все пошло не по плану",,True,True,False
http://10.4.95.44/library/upravlenie_strahom_napugai_svoi_strah,Управление страхом. Напугай свой страх,"Книга научит вас, как перестать быть слугой страха и стать его господином и контролировать свой внутренний мир! Автор пишет о мужестве и бесстрашии потому, что знает: страх – одна из самых сильных эмоций людей.",,True,True,False
http://10.4.95.44/doctors/hashimova_mayramhan_abdukarimovna,Хашимова Майрамхан Абдукаримовна,Хашимова Майрамхан Абдукаримовна врач-онколог,,True,True,False
http://10.4.95.44/doctors/hobotov_svyatoslav_aleksandrovich,Хоботов Святослав Александрович,Хоботов Святослав Александрович врач-онколог,,True,True,False
http://10.4.95.44/doctors/vasileva_galina_aleksandrovna,Васильева Галина Александровна,Васильева Галина Александровна врач-онколог,,True,True,False
http://10.4.95.44/doctors/lesnaya_yuliya_aleksandrovna,Лесная Юлия Александровна,Лесная Юлия Александровна врач-гематолог,,True,True,False
http://10.4.95.44/doctors/kuznecova,Кузнецова Елена Алексанлдровна,Специализируется на химиотерапевтическом лечении по профилю онкологии пациентов при всех локализациях злокачественных новообразований.,,True,True,False
http://10.4.95.44/doctors/jukova_lyudmila_alekseevna,Жукова Людмила Алексеевна,Жукова Людмила Алексеевна врач-онколог,,True,True,False
http://10.4.95.44/doctors/ortabaev_ruslan_albertovich,Ортабаев Руслан Альбертович,Ортабаев Руслан Альбертович врач-онколог,,True,True,False
http://10.4.95.44/doctors/ekimov,Екимов Владислав Анатольевич,"1994
Пермская государственная медицинская академия. Специальность: «Лечебное дело».",,True,True,False
http://10.4.95.44/doctors/kornickaya_elena_anatolevna,Корницкая Елена Анатольевна,Корницкая Елена Анатольевна врач-онколог,,True,True,False
http://10.4.95.44/doctors/graf_mariya_anatolevna,Граф Мария Анатольевна,Граф Мария Анатольевна врач-онколог,,True,True,False
http://10.4.95.44/doctors/potehina_elena_anatolevna,Потехина Елена Анатольевна,Потехина Елена Анатольевна врач-онколог,,True,True,False
http://10.4.95.44/doctors/kaprin,Каприн Иван Андреевич,"2013
ГБОУ ВПО Первый МГМУ имени И.М.Сеченова МЗ РФ, ординатура по специальности «Хирургия».",,True,True,False
http://10.4.95.44/doctors/akishina_alina_andreevna,Акишина Алина Андреевна,Акишина Алина Андреевна врач-онколог,,True,True,False
http://10.4.95.44/doctors/akobyan,Акобян Эдмон Араевич,"Образование
2012
Первый Московский государственный медицинский университет имени И.М. Сеченова. Специальность: «Врач-лечебник».

2020
Московский областной научно-исследовательский клинический институт им. М.Ф. Владимирского. Ординатура. Специальность",,True,True,False
http://10.4.95.44/doctors/srapyan_syuzanna_araratovna,Срапян Сюзанна Араратовна,Срапян Сюзанна Араратовна врач-онколог,,True,True,False
http://10.4.95.44/doctors/shahnovich_elena_borisovna,Шахнович Елена Борисовна,Шахнович Елена Борисовна врач-онколог,,True,True,False
http://10.4.95.44/doctors/gerasimova_elena_borisovna,Герасимова Елена Борисовна,Герасимова Елена Борисовна врач-онколог,,True,True,False
http://10.4.95.44/doctors/yaroslavceva_mariya_valerevna,Ярославцева Мария Валерьевна,Ярославцева Мария Валерьевна  врач-онколог,,True,True,False
http://10.4.95.44/doctors/osipov_vladimir_vasilevich,Осипов Владимир Васильевич,Осипов Владимир Васильевич врач-онколог,,True,True,False
http://10.4.95.44/doctors/markova,Маркова Екатерина Васильевна,"2001
Московский Государственный Медико-Стоматологический Университет им. Н.А. Семашко. Специальность «Лечебное дело».

2003
Московский Государственный Медико-Стоматологический Университет им. Н.А. Семашко . Специальность «Хирургия. . Онкоколопроктолог",,True,True,False
http://10.4.95.44/doctors/kojarskaya_galina_vasilevna,Кожарская Галина Васильевна,Кожарская Галина Васильевна врач-онколог,,True,True,False
http://10.4.95.44/doctors/eresko,Ересько Денис Викторович,Внедрил в повседневную практику использование малоинвазивных методик диагностики и лечения пациентов с ЗНО органов брюшной полости в условиях онкологического отделения Раменской ЦРБ.,,True,True,False
http://10.4.95.44/doctors/vins_denis_viktorovich,Винс Денис Викторович,Винс Денис Викторович врач-онколог,,True,True,False
http://10.4.95.44/doctors/serebryakova_anastasiya_viktorovna,Серебрякова Анастасия Викторовна,Серебрякова Анастасия Викторовна врач-онколог,,True,True,False
http://10.4.95.44/doctors/alhimova_svetlana_viktorovna,Алхимова Светлана Викторовна,Алхимова Светлана Викторовна врач-онколог,,True,True,False
http://10.4.95.44/doctors/pershin_ivan_vitalevich,Першин Иван Витальевич,Першин Иван Витальевич врач-онколог,,True,True,False
http://10.4.95.44/doctors/kochatkovav111,Кочатков Александр Владимирович,Описание,,True,True,False
http://10.4.95.44/doctors/pikulin,Пикулин Сергей Владимирович,"Обладает большим опытом проведения лекарственной терапии ЗНО практически всех локализаций, как в стационарных, так и в амбулаторных условиях.",,True,True,False
http://10.4.95.44/doctors/belonogov-aleksandr-vladimirovich,Белоногов Александр Владимирович,Заведующий отделением лекарственного лечения онкологических больных.,ТЕСТ 1,True,True,True
http://10.4.95.44/doctors/garmash,Гармаш Сергей Владимирович,"Является действительным членом медицинских сообществ:

Российское общество урологов и онкоурологов – РОУ;
Московское общество урологов;
Европейская ассоциация урологов EAU
Европейское онкологическое общества NCCN.",1111,True,True,True
http://10.4.95.44/doctors/inshakov_sergey_vladimirovich,Иншаков Сергей Владимирович,Иншаков Сергей Владимирович врач-онколог,,True,True,False
http://10.4.95.44/doctors/kochatkov,Кочатков Александр Владимирович,Описание,,True,True,False
http://10.4.95.44/doctors/zabotina_alina_vladimirovna,Заботина Алина Владимировна,Заботина Алина Владимировна врач-онколог,,True,True,False
http://10.4.95.44/doctors/ryabova_ekaterina_vladimirovna,Рябова Екатерина Владимировна,Рябова Екатерина Владимировна врач-онколог,,True,True,False
http://10.4.95.44/doctors/gordeeva_ekaterina_vladimirovna,Гордеева Екатерина Владимировна,Гордеева Екатерина Владимировна врач-онколог,,True,True,False
http://10.4.95.44/doctors/titov_andrey_gennadevich,Титов Андрей Геннадьевич,Титов Андрей Геннадьевич врач-онколог,,True,True,False
http://10.4.95.44/doctors/tiov,Тиов Андрей Геннадьевич,"1998
Тверская Государственная медицинская Академия, специальность «Лечебное дело».

1999
Интернатура по специальности «Хирургия» в хирургическом отделении Клинской городской больницы.

2004
Клиническая ординатура по специальности «Хирургия» на базе",,True,True,False
http://10.4.95.44/doctors/blajenko_nadejda_gennadevna,Блаженко Надежда Геннадьевна,"Блаженко Надежда Геннадьевна, врач-онколог",,True,True,False
http://10.4.95.44/doctors/karelina_alena_gennadevna,Карелина Алена Геннадьевна,Карелина Алена Геннадьевна врач-онколог,,True,True,False
http://10.4.95.44/doctors/ochir_-_goryaev_ayta_nikolaevich,Очир - Горяев,Очир - Горяев Айта Николаевич врач-онколог,,True,True,False
http://10.4.95.44/doctors/pugacheva_ekaterina_dmitrievna,Пугачёва Екатерина Дмитриевна,Пугачёва Екатерина Дмитриевна врач-гематолог,,True,True,False
http://10.4.95.44/doctors/shestakovskaya_elena_evgenievna,Шестаковская Елена Евгениевна,Шестаковская Елена Евгениевна врач-онколог,,True,True,False
http://10.4.95.44/doctors/yurov,Юров Игорь Евгеньевич,"невротическими реакциями на стресс и расстройствами адаптации, нарушениями сна, неврастенией (синдромами хронической усталости и эмоционального выгорания), ипохондрией, обсессивно-компульсивным расстройством, психоэмоциональными расстройствами при предмен",,True,True,False
http://10.4.95.44/doctors/bezrukova_kristina_evgenevna,Безрукова Кристина Евгеньевна,Безрукова Кристина Евгеньевна врач-онколог,,True,True,False
http://10.4.95.44/doctors/grishina,Гришина Елена Евгеньевна,"Внедрила в клиническую практику Московского областного научно-исследовательского института методики удаления злокачественных опухолей век с одномоментной реконструктивной пластикой,а также все виды орбитотомии.",,True,True,False
http://10.4.95.44/doctors/andrienko_igor_igorevich,Андриенко Игорь Игоревич,Андриенко Игорь Игоревич врач-онколог,,True,True,False
http://10.4.95.44/doctors/atabekov_igor_igorevich,Атабеков Игорь Игоревич,Атабеков Игорь Игоревич врач-онколог,,True,True,False
http://10.4.95.44/doctors/volobueva_anastasiya_konstantinovna,Волобуева Анастасия Константиновна,Волобуева Анастасия Константиновна врач-онколог,,True,True,False
http://10.4.95.44/doctors/barzaeva_zuhra_kyurievna,Барзаева Зухра Кюриевна,Барзаева Зухра Кюриевна врач-онколог,,True,True,False
http://10.4.95.44/doctors/isupova_elena_mihaylovna,Исупова Елена Михайловна,Исупова Елена Михайлович врач-онколог,,True,True,False
http://10.4.95.44/doctors/novikova_elena_nikolaevna,Новикова Елена Николаевна,Новикова Елена Николаевна врач-онколог,,True,True,False
http://10.4.95.44/doctors/ujevko_tamara_nikolaevna,Ужевко Тамара Николаевна,Ужевко Тамара Николаевна врач-онколог,,True,True,False
http://10.4.95.44/doctors/perova_vera_nikolaevna,Перова Вера Николаевна,Перова Вера Николаевна врач-гематолог,,True,True,False
http://10.4.95.44/doctors/burnashova,Бурнашова Ольга Николаевна,"Разработал новые методы лечения заболеваний верхних и нижних мочевых путей, внедрил уникальные методики эндоскопической реканализации облитераций Облитерация — это заращение или закрытие полостного или трубчатого органа вследствие разрастания ткани со сто",,True,True,False
http://10.4.95.44/doctors/aymamedova_orazgul_nurmamedovna,Аймамедова Оразгуль Нурмамедовна,Аймамедова Оразгуль Нурмамедовна врач-онколог,,True,True,False
http://10.4.95.44/doctors/tuaeva_alana_olegovna,Туаева Алана Олеговна,Туаева Алана Олеговна врач-гематолог,,True,True,False
http://10.4.95.44/doctors/povetkin_andrey_pavlovich,Поветкин Андрей Павлович,Поветкин Андрей Павлович врач-онколог,,True,True,False
http://10.4.95.44/doctors/kavalji_olga_petrovna,Кавалжи Ольга Петровна,Кавалжи Ольга Петровна врач-онколог,,True,True,False
http://10.4.95.44/doctors/sanina_yana_ranifovna,Санина Яна Ранифовна,Санина Яна Ранифовна врач-онколог,,True,True,False
http://10.4.95.44/doctors/sakaev,Сакаев Ильдар Рашидович,Врач высшей квалификационной категории.,,True,True,False
http://10.4.95.44/doctors/orlov,Орлов Семен Семенович,"2013
Московский областной научно-исследовательский клинический институт им. М.Ф.Владимирского. Специальность «Онкология».

2015
Российская медицинская академия последипломного образования. Специальность «Радиология».

2016
Рязанский государственный",,True,True,False
http://10.4.95.44/doctors/ogaj,Огай Дмитрий Сергеевич,"1995
Московская медицинская академия им. И.М.Сеченова, специальность «Лечебное дело»

1996
Балашихинский роддом. Специальность «Акушерство и гинекология». Интернатура.

2000
Российская медицинская академия непрерывного профессионального образования",,True,True,False
http://10.4.95.44/doctors/petuhov,Петухов Владимир Сергеевич,Описание докторских заслуг,,True,True,False
http://10.4.95.44/doctors/abdullaeva,Абдуллаева Жавагьир Сердеровна,"Образование
2012
Первый московский государственный медицинский университет им. Сеченова. Специальность: «Лечебное дело».

2013
Первый московский государственный медицинский университет им. Сеченова. Интернатура по специальности «хирургия».

2014
Р",Специалисты,True,True,True
http://10.4.95.44/doctors/ignatev_vladimir_fedorovich,Игнатьев Владимир Федорович,Игнатьев Владимир Федорович врач-онколог,,True,True,False
http://10.4.95.44/doctors/lyadov,Лядов Константин Юрьевич,"Специализация

онколог, хирург

Направление

желудочно-кишечный тракт

Учёная степень

доктор медицинских наук, профессор, Академик РАН

Клиника

Московский центр восстановительного лечения (МЦВЛ)",,True,True,False
http://10.4.95.44/doctors/urazovskij,Уразовский Николай Юрьевич,"Образование
1985
Военно-медицинская ордена Ленина Краснознаменная академия им. С.М. Кирова. Специальность «Лечебно-профилактическое дело».

1993
Военно-медицинская ордена Ленина Краснознаменная академия им. С.М. Кирова.  Специальность «Хирургия». Орд",,True,True,False
http://10.4.95.44/doctors/morozova_valeriya_yurevna,Морозова Валерия Юрьевна,Морозова Валерия Юрьевна врач-гематолог,,True,True,False
http://10.4.95.44/doctors/ivanov,Иванов Иван,Описываем специалист,,True,True,False
http://10.4.95.44/clinics/vzroslaya_poliklinika_fl_oktyabrskaya_kgb,"Взрослая поликлиника ф-л ""Октябрьская"" (КГБ) 1",Адрес,,True,True,False
http://10.4.95.44/clinics/nazvanie/kabinet,"ГАУЗ Московской области ""Клинская областная больница""",Оказание паллиативной специализированной медицинской помощи взрослым в амбулаторных условиях.,,True,True,False
http://10.4.95.44/clinics/nazvanie/otdelenie_3,"ГАУЗ Московской области ""Клинская областная больница 2""",description,,True,True,False
http://10.4.95.44/clinics/gauz_mo_himkinskaya_oblastnaya_bolnitsa_detskaya_poliklinika2,"ГАУЗ МО ""Химкинская областная больница"" Детская поликлиника № 2",Описание,,True,True,False
http://10.4.95.44/clinics/gauz-mo-himkinskaya-oblastnaya-bolnica-detskaya-poliklinika-3,"ГАУЗ МО ""Химкинская областная больница"" Детская поликлиника №3",Описание,,True,True,False
http://10.4.95.44/clinics/gauz_mo_himkinskaya_oblastnaya_bolnitsa_detskaya_poliklinika,"ГАУЗ МО ""Химкинская областная больница"" Детская поликлиника № 5",Клиника в Химках,,True,True,False
http://10.4.95.44/clinics/meditsinskaya_organizatsiya_,"ГБУЗ МО ""Видновская районная клиническая больница"" Детская поликлиника",Описание,,True,True,False
http://10.4.95.44/clinics/gbuz_mo_domodedovskaya_tsentralnaya_gorodskaya_bolnitsa_domo,"ГБУЗ МО ""Домодедовская  центральная городская больница""",Домодедово  ТЕСТ 1,ТЕСТ 1,True,True,True
http://10.4.95.44/clinics/gbuz_mo_krasnogorskaya_gorodskaya_bolnitsa_detskaya_poliklin,"ГБУЗ МО ""Красногорская городская больница"" Детская поликлиника №2",Красногорск 1,,True,True,False
http://10.4.95.44/clinics/testovaya_poliklinnika/otdelenie,"ГБУЗ МО ""Московский областной центр охраны материнства и детства"", поликлиническ",тест,,True,True,False
http://10.4.95.44/clinics/testovaya_poliklinnika,"ГБУЗ МО ""Московский областной центр охраны материнства и детства"", поликлиническ",тест,,True,True,False
http://10.4.95.44/clinics/gbuz_mo_serpuhovskaya_bolnitsa,"ГБУЗ МО ""Серпуховская больница""",Описание (description),Ключевое слово,True,True,True
http://10.4.95.44/clinics/gbuz-moskovskoj-oblasti-volokolamskaya-bolnica,ГБУЗ Московской области «Волоколамская больница»,ГБУЗ Московской области «Волоколамская больница»,,True,True,False
http://10.4.95.44/clinics/_gbuz_moskovskoi_oblasti_istrinskaya_klinicheskaya_bolnitsa,ГБУЗ Московской области «Истринская клиническая больница»,ГБУЗ Московской области «Истринская клиническая больница»,,True,True,False
http://10.4.95.44/clinics/nazvanie,"ГБУЗ Московской области ""Клинская больница""",description,Медицинская организация,True,True,True
http://10.4.95.44/clinics/gbuz_moskovskoi_oblasti_korolevskaya_bolnitsa,"ГБУЗ Московской области ""Королевская больница»","ГБУЗ Московской области ""Королевская больница»",,True,True,False
http://10.4.95.44/clinics/gbuz_moskovskoi_oblasti_korolevskaya_bolnitsa,"ГБУЗ Московской области ""Королевская больница»","ГБУЗ Московской области ""Королевская больница»",,True,True,False
http://10.4.95.44/clinics/gbuz_moskovskoi_oblasti_lyuberetskaya_oblastnaya_bolnitsa,"ГБУЗ Московской области ""Люберецкая областная больница»","ГБУЗ Московской области ""Люберецкая областная больница»",,True,True,False
http://10.4.95.44/clinics/gosudarstvennoe_avtonomnoe_uchrezhdenie_zdravoohraneniya_mos,Государственное автономное учреждение здравоохранения Московской области «Центра,"Центральная городская клиническая больница г. Реутов является многопрофильной высокопрофессиональной клиникой, оказывающей современную специализированную и высокотехнологичную медицинскую помощь, в том числе, по профилю «онкология».",,True,True,False
http://10.4.95.44/clinics/testvoaya_2,Тествоая 2,Описание,,True,True,False
